id,entrez_gene_id,hugo_symbol,hgnc_id,id,reference_genome,ensembl_transcript_id,canonical,ensembl_protein_id,reference_sequence_id,description,ensembl_gene_id,gene_id
23762,3207,HOXA11,5101,5689,GRCh38,ENST00000006015.4,1,ENSP00000006015.3,NM_005523,,4795,23762
12129,972,CD74,1697,1806,GRCh38,ENST00000009530.13,1,ENSP00000009530.7,NM_001025159,,1530,12129
23416,608,TNFRSF17,11913,1106,GRCh38,ENST00000053243.6,1,ENSP00000053243.1,NM_001192,,939,23416
32931,2767,GNA11,4379,4773,GRCh38,ENST00000078429.9,1,ENSP00000078429.3,NM_002067.2,,4022,32931
32410,933,CD22,1643,1725,GRCh38,ENST00000085219.10,1,ENSP00000085219.4,NM_001771,,1458,32410
23404,602,BCL3,998,1093,GRCh38,ENST00000164227.10,1,ENSP00000164227.5,NM_005178,,929,23404
18194,9319,TRIP13,12307,15957,GRCh38,ENST00000166345.8,1,ENSP00000166345.3,NM_004237.3,,13440,18194
39046,2249,FGF4,3682,4052,GRCh38,ENST00000168712.3,1,ENSP00000168712.1,NM_002007.2,,3423,39046
9087,9817,KEAP1,23177,16967,GRCh38,ENST00000171111.10,1,ENSP00000171111.4,NM_203500.1,,14274,9087
4199,57103,TIGAR,1185,30152,GRCh38,ENST00000179259.6,1,ENSP00000179259.4,NM_020375,,25658,4199
40700,3294,HSD17B2,5211,5827,GRCh38,ENST00000199936.9,1,ENSP00000199936,NM_002153,,4913,40700
11607,10683,DLL3,2909,18762,GRCh38,ENST00000205143.4,1,ENSP00000205143,,,15753,11607
24628,2099,ESR1,3467,3766,GRCh38,ENST00000206249.8,1,ENSP00000206249.3,NM_001122740.1,,3189,24628
33250,5594,MAPK1,6871,9775,GRCh38,ENST00000215832.11,1,ENSP00000215832.7,NM_002745.4,,8234,33250
11486,7494,XBP1,12801,13342,GRCh38,ENST00000216037.10,1,ENSP00000216037,NM_005080.3,,11232,11486
24144,3320,HSP90AA1,5253,5871,GRCh38,ENST00000216281.13,1,ENSP00000216281.8,NM_005348,,4953,24144
39010,328,APEX1,587,619,GRCh38,ENST00000216714.8,1,ENSP00000216714.3,NM_001641.4,,513,39010
27389,4792,NFKBIA,7797,8270,GRCh38,ENST00000216797.10,1,ENSP00000216797.6,NM_020529.2,,6983,27389
33490,57761,TRIB3,16228,31001,GRCh38,ENST00000217233.9,1,ENSP00000217233.3,NM_001301188,,26371,33490
15618,10735,STAG2,11355,18831,GRCh38,ENST00000218089.13,1,ENSP00000218089.9,NM_001042749.1,,15809,15618
15631,63035,BCORL1,25657,31409,GRCh38,ENST00000218147.11,1,ENSP00000218147,NM_021946.4,,26715,15631
38994,4913,NTHL1,8028,8498,GRCh38,ENST00000219066.5,1,ENSP00000219066,NM_002528.5,,7173,38994
11139,79918,SETD6,26116,33571,GRCh38,ENST00000219315.9,1,ENSP00000219315.5,NM_001160305.1,,28573,11139
25917,7249,TSC2,12363,12911,GRCh38,ENST00000219476.9,1,ENSP00000219476.3,NM_000548.3,,10866,25917
367,23269,MGA,14010,20910,GRCh38,ENST00000219905.13,1,ENSP00000219905,NM_001164273.1,,17545,367
39220,27161,AGO2,3263,23325,GRCh38,ENST00000220592.10,1,ENSP00000220592.5,NM_012154.3,,19630,39220
13888,6422,SFRP1,10776,11284,GRCh38,ENST00000220772.8,1,ENSP00000220772.3,NM_003012.4,,9512,13888
18952,27121,DKK4,2894,23257,GRCh38,ENST00000220812.3,1,ENSP00000220812.2,NM_014420.2,,19574,18952
11790,3646,EIF3E,3277,6376,GRCh38,ENST00000220849.10,1,ENSP00000220849.5,NM_001568,,5386,11790
11621,10535,RNASEH2A,18518,18458,GRCh38,ENST00000221486.6,1,ENSP00000221486.4,NM_006397,,15499,11621
12128,973,CD79A,1698,1808,GRCh38,ENST00000221972.8,1,ENSP00000221972.3,NM_001783.3,,1532,12128
2887,2057,EPOR,3416,3714,GRCh38,ENST00000222139.11,1,ENSP00000222139.5,NM_000121.3,,3143,2887
39805,5296,PIK3R2,8980,9189,GRCh38,ENST00000222254.13,1,ENSP00000222254.6,NM_005027.3,,7750,39805
34098,2077,ERF,3444,3748,GRCh38,ENST00000222329.9,1,ENSP00000222329.3,NM_006494.2,,3175,34098
20646,3082,HGF,4893,5426,GRCh38,ENST00000222390.11,1,ENSP00000222390.5,NM_000601.4,,4571,20646
7897,6198,RPS6KB1,10436,10863,GRCh38,ENST00000225577.9,1,ENSP00000225577.4,NM_003161.4,,9162,7897
38931,1655,DDX5,2746,3047,GRCh38,ENST00000225792.10,1,ENSP00000225792.5,NM_004396,,2581,38931
19810,1277,COL1A1,2197,2325,GRCh38,ENST00000225964.10,1,ENSP00000225964.6,NM_000088,,1969,19810
12200,8929,PHOX2B,9143,15312,GRCh38,ENST00000226382.4,1,ENSP00000226382.2,NM_003924.3,,12904,12200
1965,595,CCND1,1582,1078,GRCh38,ENST00000227507.3,1,ENSP00000227507.2,NM_053056.2,,915,1965
26690,2735,GLI1,4317,4725,GRCh38,ENST00000228682.7,1,ENSP00000228682.2,NM_005269.2,,3978,26690
23519,2251,FGF6,3684,4056,GRCh38,ENST00000228837.3,1,ENSP00000228837.2,NM_020996,,3427,23519
30115,1027,CDKN1B,1785,1918,GRCh38,ENST00000228872.9,1,ENSP00000228872.4,NM_004064.3,,1625,30115
24008,11021,RAB35,9774,19406,GRCh38,ENST00000229340.10,1,ENSP00000229340.5,NM_006861.6,,16294,24008
14308,2178,FANCE,3586,3910,GRCh38,ENST00000229769.3,1,ENSP00000229769.2,NM_021922,,3307,14308
30570,5754,PTK7,9618,10070,GRCh38,ENST00000230419.9,1,ENSP00000230419.4,NM_002821.5,,8494,30570
32111,4292,MLH1,7127,7535,GRCh38,ENST00000231790.8,1,ENSP00000231790.3,NM_000249.3,,6367,32111
12290,51185,CRBN,30185,25869,GRCh38,ENST00000231948.9,1,ENSP00000231948.4,NM_016302.3,,21977,12290
3872,604,BCL6,1001,1097,GRCh38,ENST00000232014.8,1,ENSP00000232014,NM_001706.4,,931,3872
21991,26528,DAZAP1,2683,22720,GRCh38,ENST00000233078.9,1,ENSP00000233078.4,NM_018959.3,,19087,21991
33139,4436,MSH2,7325,7684,GRCh38,ENST00000233146.7,1,ENSP00000233146.2,NM_000251.2,,6484,33139
724,55120,FANCL,20748,28117,GRCh38,ENST00000233741.9,1,ENSP00000233741.5,NM_018062.3,,23925,724
40578,2956,MSH6,7329,5187,GRCh38,ENST00000234420.11,1,ENSP00000234420.5,NM_000179.2,,4356,40578
38351,607,BCL9,1008,1104,GRCh38,ENST00000234739.8,1,ENSP00000234739.3,NM_004326.3,,937,38351
22985,10459,MAD2L2,6764,18300,GRCh38,ENST00000235310.7,1,ENSP00000235310,NM_001127325.1,,15371,22985
23660,471,ATIC,794,870,GRCh38,ENST00000236959.14,1,ENSP00000236959.9,NM_004044,,737,23660
1944,7128,TNFAIP3,11896,12735,GRCh38,ENST00000237289.8,1,ENSP00000237289,NM_006290.3,,10726,1944
27943,6446,SGK1,10810,11334,GRCh38,ENST00000237305.12,1,ENSP00000237305,NM_005627.3,,9552,27943
22328,8074,FGF23,3680,13967,GRCh38,ENST00000237837.2,1,ENSP00000237837.1,NM_020638,,11743,22328
12659,22936,ELL2,17064,20275,GRCh38,ENST00000237853.9,1,ENSP00000237853.4,NM_012081.6,,17027,12659
24475,1958,EGR1,3238,3511,GRCh38,ENST00000239938.5,1,ENSP00000239938.4,NM_001964.2,,2973,24475
30279,1846,DUSP4,3070,3365,GRCh38,ENST00000240100.7,1,ENSP00000240100.2,NM_001394.6,,2847,30279
29143,7852,CXCR4,2561,13808,GRCh38,ENST00000241393.4,1,ENSP00000241393.3,NM_003467.2,,11605,29143
31644,92,ACVR2A,173,172,GRCh38,ENST00000241416.12,1,ENSP00000241416.7,NM_001278579,,142,31644
20899,2322,FLT3,3765,4209,GRCh38,ENST00000241453.12,1,ENSP00000241453.7,NM_004119.2,,3548,20899
2257,3624,INHBA,6066,6335,GRCh38,ENST00000242208.5,1,ENSP00000242208.4,NM_002192.2,,5352,2257
24474,1959,EGR2,3239,3513,GRCh38,ENST00000242480.4,1,ENSP00000242480.3,NM_000399.5,,2975,24474
2254,3623,INHA,6065,6333,GRCh38,ENST00000243786.3,1,ENSP00000243786.2,NM_002191.3,,5350,2254
22123,3007,H1-3,4717,5290,GRCh38,ENST00000244534.7,1,ENSP00000244534.6,NM_005320.2,,4451,22123
28703,8361,H4C6,4783,14243,GRCh38,ENST00000244537.6,1,ENSP00000244537.6,NM_003540,,11989,28703
30116,1026,CDKN1A,1784,1916,GRCh38,ENST00000244741.10,1,ENSP00000244741.6,NM_078467.2,,1623,30116
27252,3659,IRF1,6116,6394,GRCh38,ENST00000245414.9,1,ENSP00000245414.4,NM_002198.2,,5402,27252
35734,6662,SOX9,11204,11790,GRCh38,ENST00000245479.3,1,ENSP00000245479.2,NM_000346.3,,9937,35734
12131,970,CD70,11937,1801,GRCh38,ENST00000245903.4,1,ENSP00000245903.2,NM_001252,,1526,12131
32193,6237,RRAS,10447,10932,GRCh38,ENST00000246792.4,1,ENSP00000246792.2,NM_006270.3,,9222,32193
22054,7186,TRAF2,12032,12859,GRCh38,ENST00000247668.7,1,ENSP00000247668.2,NM_021138.3,,10824,22054
5757,10365,KLF2,6347,18124,GRCh38,ENST00000248071.6,1,ENSP00000248071.5,NM_016270.2,,15220,5757
27191,14,AAMP,18,21,GRCh38,ENST00000248450.9,1,ENSP00000248450.4,NM_001087.5,,18,27191
12967,5880,RAC2,9802,10278,GRCh38,ENST00000249071.11,1,ENSP00000249071.6,NM_002872.4,,8672,12967
9841,6608,SMO,11119,11676,GRCh38,ENST00000249373.8,1,ENSP00000249373.3,NM_005631.4,,9833,9841
41852,90417,KNSTRN,30767,37125,GRCh38,ENST00000249776.13,1,ENSP00000249776.8,NM_033286.3,,31630,41852
27683,8930,MBD4,6919,15315,GRCh38,ENST00000249910.5,1,ENSP00000249910,NM_003925,,12906,27683
26245,4654,MYOD1,7611,8010,GRCh38,ENST00000250003.4,1,ENSP00000250003.3,NM_002478.4,,6771,26245
41628,9098,USP6,12629,15580,GRCh38,ENST00000250066.6,1,ENSP00000250066,NM_004505,,13120,41628
12134,599,BCL2L2,995,1087,GRCh38,ENST00000250405.10,1,ENSP00000250405.6,NM_004050,,923,12134
40067,3169,FOXA1,5021,5609,GRCh38,ENST00000250448.5,1,ENSP00000250448.3,NM_004496.3,,4731,40067
28539,5894,RAF1,9829,10309,GRCh38,ENST00000251849.9,1,ENSP00000251849.4,NM_002880.3,,8698,28539
38773,2006,ELN,3327,3608,GRCh38,ENST00000252034.12,1,ENSP00000252034.7,NM_000501,,3051,38773
32103,4298,MLLT1,7134,7550,GRCh38,ENST00000252674.9,1,ENSP00000252674.6,NM_005934.3,,6379,32103
5276,83667,SESN2,20746,35072,GRCh38,ENST00000253063.4,1,ENSP00000253063.3,NM_031459.4,,29890,5276
2076,9113,LATS1,6514,15608,GRCh38,ENST00000253339.9,1,ENSP00000253339,NM_004690.3,,13142,2076
24958,5914,RARA,9864,10353,GRCh38,ENST00000254066.10,1,ENSP00000254066.5,NM_000964.3,,8734,24958
16737,2521,FUS,4010,4334,GRCh38,ENST00000254108.12,1,ENSP00000254108.8,NM_004960,,3660,16737
8650,3337,DNAJB1,5270,5896,GRCh38,ENST00000254322.3,1,ENSP00000254322.1,NM_006145.1,,4973,8650
11267,3021,H3-3B,4765,5314,GRCh38,ENST00000254810.8,1,ENSP00000254810.3,NM_005324.3,,4471,11267
31897,694,BTG1,1130,1272,GRCh38,ENST00000256015.5,1,ENSP00000256015.3,NM_001731.2,,1079,31897
37125,22800,RRAS2,17271,20018,GRCh38,ENST00000256196.9,1,ENSP00000256196.4,NM_012250.5,,16807,37125
25469,7428,VHL,12687,13227,GRCh38,ENST00000256474.3,1,ENSP00000256474.3,NM_000551.3,,11140,25469
38776,4853,NOTCH2,7882,8386,GRCh38,ENST00000256646.7,1,ENSP00000256646.2,NM_024408.3,,7077,38776
23364,1643,DDB2,2718,3019,GRCh38,ENST00000256996.9,1,ENSP00000256996.4,NM_000107,,2561,23364
10061,2346,FOLH1,3788,4244,GRCh38,ENST00000256999.7,1,ENSP00000256999.2,NM_004476,,3578,10061
25541,9698,PUM1,14957,16698,GRCh38,ENST00000257075.9,1,ENSP00000257075,NM_014676,,14062,25541
40876,187,APLNR,339,363,GRCh38,ENST00000257254.3,1,ENSP00000257254,NM_005161.4,,298,40876
41828,5156,PDGFRA,8803,8917,GRCh38,ENST00000257290.10,1,ENSP00000257290.5,NM_006206.4,,7522,41828
39008,324,APC,583,611,GRCh38,ENST00000257430.9,1,ENSP00000257430.4,NM_000038.5,,505,39008
17477,4440,MSI1,7330,7693,GRCh38,ENST00000257552.7,1,ENSP00000257552.2,NM_002442.3,,6492,17477
34385,6927,HNF1A,11621,12326,GRCh38,ENST00000257555.11,1,ENSP00000257555.5,NM_000545.5,,10375,34385
37698,6926,TBX3,11602,12324,GRCh38,ENST00000257566.7,1,ENSP00000257566,NM_016569.3,,10373,37698
30277,1840,DTX1,3060,3353,GRCh38,ENST00000257600.3,1,ENSP00000257600,NM_004416.2,,2835,30277
21505,60468,BACH2,14078,31320,GRCh38,ENST00000257749.9,1,ENSP00000257749.4,NM_001170794.1,,26631,21505
34865,1019,CDK4,1773,1902,GRCh38,ENST00000257904.11,1,ENSP00000257904.5,NM_000075.3,,1611,34865
31641,91,ACVR1B,172,170,GRCh38,ENST00000257963.9,1,ENSP00000257963.4,NM_004302,,140,31641
11288,4193,MDM2,6973,7380,GRCh38,ENST00000258149.11,1,ENSP00000258149.6,NM_002392.5,,6241,11288
15101,55654,TMEM127,26038,28895,GRCh38,ENST00000258439.8,1,ENSP00000258439.3,NM_017849.4,,24591,15101
25999,160428,ALDH1L2,26777,42847,GRCh38,ENST00000258494.14,1,ENSP00000258494.9,NM_001034173,,36647,25999
12030,83990,BRIP1,20473,35339,GRCh38,ENST00000259008.7,1,ENSP00000259008.2,NM_032043.2,,30109,12030
30223,11143,KAT7,17016,19643,GRCh38,ENST00000259021.9,1,ENSP00000259021.4,NM_007067,,16495,30223
28482,580,BARD1,952,1056,GRCh38,ENST00000260947.9,1,ENSP00000260947.4,NM_000465.2,,895,28482
30677,894,CCND2,1583,1648,GRCh38,ENST00000261254.8,1,ENSP00000261254.3,NM_001759.3,,1388,30677
1473,4040,LRP6,6698,7077,GRCh38,ENST00000261349.9,1,ENSP00000261349.4,NM_002336.2,,5989,1473
37045,51274,KLF3,16516,26016,GRCh38,ENST00000261438.10,1,ENSP00000261438.5,NM_016531.5,,22106,37045
31691,7188,TRAF5,12035,12864,GRCh38,ENST00000261464.10,1,ENSP00000261464.5,NM_001033910.2,,10828,31691
21401,79728,PALB2,26144,33223,GRCh38,ENST00000261584.9,1,ENSP00000261584.4,NM_024675.3,,28275,21401
32741,217,ALDH2,404,413,GRCh38,ENST00000261733.7,1,ENSP00000261733.2,NM_000690,,340,32741
41604,999,CDH1,1748,1856,GRCh38,ENST00000261769.10,1,ENSP00000261769.4,NM_004360.3,,1570,41604
41818,5159,PDGFRB,8804,8924,GRCh38,ENST00000261799.9,1,ENSP00000261799.4,NM_002609.3,,7528,41818
38336,605,BCL7A,1004,1100,GRCh38,ENST00000261822.5,1,ENSP00000261822.5,NM_001024808,,933,38336
20903,2324,FLT4,3767,4214,GRCh38,ENST00000261937.11,1,ENSP00000261937.6,NM_182925.4,,3552,20903
24285,5289,PIK3C3,8974,9171,GRCh38,ENST00000262039.9,1,ENSP00000262039.3,NM_002647.2,,7736,24285
39145,466,ATF1,783,861,GRCh38,ENST00000262053.8,1,ENSP00000262053.3,NM_005171.4,,729,39145
24721,4087,SMAD2,6768,7170,GRCh38,ENST00000262160.11,1,ENSP00000262160.6,NM_001003652.3,,6071,24721
20737,6009,RHEB,10011,10549,GRCh38,ENST00000262187.10,1,ENSP00000262187.5,NM_005614.3,,8900,20737
36614,58508,KMT2C,13726,31163,GRCh38,ENST00000262189.11,1,ENSP00000262189.6,NM_170606.2,,26503,36614
38063,7528,YY1,12856,13388,GRCh38,ENST00000262238.10,1,ENSP00000262238.4,NM_003403.4,,11270,38063
18428,79817,MOB3B,23825,33386,GRCh38,ENST00000262244.6,1,ENSP00000262244.5,NM_024761.4,,28411,18428
11739,8312,AXIN1,903,14148,GRCh38,ENST00000262320.8,1,ENSP00000262320.3,NM_003502.3,,11904,11739
24026,1387,CREBBP,2348,2536,GRCh38,ENST00000262367.10,1,ENSP00000262367.5,NM_004380.2,,2149,24026
1671,2294,FOXF1,3809,4149,GRCh38,ENST00000262426.6,1,ENSP00000262426.4,NM_001451.2,,3494,1671
32953,9739,SETD1A,29010,16795,GRCh38,ENST00000262519.14,1,ENSP00000262519.8,NM_014712.2,,14138,32953
24444,9368,NHERF1,11075,16047,GRCh38,ENST00000262613.10,1,ENSP00000262613.5,NM_004252,,13518,24444
30681,898,CCNE1,1589,1656,GRCh38,ENST00000262643.8,1,ENSP00000262643.3,NM_001238.2,,1396,30681
3693,1031,CDKN2C,1789,1930,GRCh38,ENST00000262662.5,1,ENSP00000262662,NM_078626.2,,1633,3693
30611,84962,AJUBA,20250,36527,GRCh38,ENST00000262713.7,1,ENSP00000262713.2,NM_032876.5,,31125,30611
15879,23239,PHLPP1,20610,20842,GRCh38,ENST00000262719.10,1,ENSP00000262719.4,NM_194449,,17493,15879
21965,8503,PIK3R3,8981,14480,GRCh38,ENST00000262741.10,1,ENSP00000262741.5,NM_003629.3,,12197,21965
35897,5976,UPF1,9962,10469,GRCh38,ENST00000262803.10,1,ENSP00000262803.5,NM_002911.3,,8834,35897
2542,8178,ELL,23114,14032,GRCh38,ENST00000262809.9,1,ENSP00000262809.3,NM_006532,,11804,2542
37869,5063,PAK3,8592,8739,GRCh38,ENST00000262836.6,1,ENSP00000262836,NM_001128173,,7375,37869
5404,7515,XRCC1,12828,13368,GRCh38,ENST00000262887.10,1,ENSP00000262887.5,NM_006297,,11256,5404
37394,5605,MAP2K2,6842,9799,GRCh38,ENST00000262948.10,1,ENSP00000262948.4,NM_030662.3,,8256,37394
2529,7089,TLE2,11838,12646,GRCh38,ENST00000262953.11,1,ENSP00000262953.5,NM_003260.4,,10650,2529
20996,8821,INPP4B,6075,15097,GRCh38,ENST00000262992.9,1,ENSP00000262992.4,NM_001101669.1,,12725,20996
27606,2549,GAB1,4066,84608,GRCh38,ENST00000262995.9,1,ENSP00000262995.4,,NULL,3703,27606
33249,5595,MAPK3,6877,9777,GRCh38,ENST00000263025.9,1,ENSP00000263025.4,NM_002746.2,,8236,33249
22735,7290,HIRA,4916,12981,GRCh38,ENST00000263208.5,1,ENSP00000263208.5,NM_003325,,10926,22735
12367,2033,EP300,3373,3659,GRCh38,ENST00000263253.9,1,ENSP00000263253.7,NM_001429.3,,3095,12367
16636,8726,EED,3188,14921,GRCh38,ENST00000263360.11,1,ENSP00000263360.6,NM_003797.3,,12572,16636
13342,23476,BRD4,13575,21283,GRCh38,ENST00000263377.6,1,ENSP00000263377,NM_058243.2,,17855,13342
22360,4854,NOTCH3,7883,8388,GRCh38,ENST00000263388.7,1,ENSP00000263388.1,NM_000435.2,,7079,22360
12580,330,BIRC3,591,623,GRCh38,ENST00000263464.9,1,ENSP00000263464.4,NM_182962.2,,517,12580
19391,1820,ARID3A,3031,3308,GRCh38,ENST00000263620.8,1,ENSP00000263620.2,NM_005224.2,,2797,19391
31642,90,ACVR1,171,167,GRCh38,ENST00000263640.7,1,ENSP00000263640,NM_001111067.2,,138,31642
12366,2034,EPAS1,3374,3661,GRCh38,ENST00000263734.5,1,ENSP00000263734.3,NM_001430.4,,3097,12366
38850,4072,EPCAM,11529,7148,GRCh38,ENST00000263735.9,1,ENSP00000263735.4,NM_002354.2,,6053,38850
27995,4058,LTK,6721,7116,GRCh38,ENST00000263800.11,1,ENSP00000263800.6,NM_002344,,6025,27995
25358,10000,AKT3,393,17342,GRCh38,ENST00000263826.12,1,ENSP00000263826,NM_005465.4,,14591,25358
3452,3791,KDR,6307,6662,GRCh38,ENST00000263923.5,1,ENSP00000263923.4,NM_002253.2,,5628,3452
39811,5290,PIK3CA,8975,9173,GRCh38,ENST00000263967.4,1,ENSP00000263967.3,NM_006218.2,,7738,39811
2129,10664,CTCF,13723,18724,GRCh38,ENST00000264010.10,1,ENSP00000264010.4,NM_006565.3,,15721,2129
20084,867,CBL,1541,1609,GRCh38,ENST00000264033.6,1,ENSP00000264033.3,NM_005188.3,,1356,20084
14838,51742,ARID4B,15550,26664,GRCh38,ENST00000264183.9,1,ENSP00000264183.3,NM_001206794.1,,22664,14838
28629,7531,YWHAE,12851,13393,GRCh38,ENST00000264335.13,1,ENSP00000264335.8,NM_006761.5,,11274,28629
40113,8452,CUL3,2553,14387,GRCh38,ENST00000264414.9,1,ENSP00000264414.4,NM_003590.4,,12119,40113
388,6774,STAT3,11364,12016,GRCh38,ENST00000264657.10,1,ENSP00000264657.4,NM_139276.2,,10123,388
23515,2255,FGF10,3666,4066,GRCh38,ENST00000264664.5,1,ENSP00000264664.4,NM_004465,,3435,23515
862,790,CAD,1424,1451,GRCh38,ENST00000264705.9,1,ENSP00000264705.3,NM_001306079,,1230,862
30696,1788,DNMT3A,2978,3238,GRCh38,ENST00000264709.7,1,ENSP00000264709,NM_022552.4,,2739,30696
23974,8626,TP63,15979,14726,GRCh38,ENST00000264731.8,1,ENSP00000264731.3,NM_003722.4,,12408,23974
9350,6389,SDHA,10680,11230,GRCh38,ENST00000264932.11,1,ENSP00000264932.6,NM_004168.2,,9468,9350
11608,9175,MAP3K13,6852,15721,GRCh38,ENST00000265026.8,1,ENSP00000265026.3,NM_004721.4,,13238,11608
33138,4437,MSH3,7326,7686,GRCh38,ENST00000265081.7,1,ENSP00000265081.6,NM_002439.4,,6486,33138
16918,51176,LEF1,6551,25856,GRCh38,ENST00000265165.6,1,ENSP00000265165.1,NM_016269,,21965,16918
18956,27125,AFF4,17869,23268,GRCh38,ENST00000265343.10,1,ENSP00000265343.5,NM_014423,,19582,18956
40964,11059,WWP1,17004,19478,GRCh38,ENST00000265428.4,1,ENSP00000265428,NM_007013.3,,16359,40964
20161,4683,NBN,7652,8059,GRCh38,ENST00000265433.8,1,ENSP00000265433.4,NM_002485.4,,6813,20161
8436,7994,KAT6A,13013,13920,GRCh38,ENST00000265713.8,1,ENSP00000265713.2,NM_006766.4,,11701,8436
30117,1021,CDK6,1777,1907,GRCh38,ENST00000265734.8,1,ENSP00000265734,NM_001145306.1,,1615,30117
37885,5395,PMS2,9122,9382,GRCh38,ENST00000265849.12,1,ENSP00000265849.7,NM_000535.5,,7912,37885
24048,55749,CCAR1,24236,29081,GRCh38,ENST00000265872.11,1,ENSP00000265872.6,NM_018237.4,,24749,24048
15670,79109,MAPKAP1,18752,32597,GRCh38,ENST00000265960.8,1,ENSP00000265960.3,NM_001006617.1,,27716,15670
18625,1616,DAXX,2681,2970,GRCh38,ENST00000266000.10,1,ENSP00000266000,NM_001141970.1,,2519,18625
143,8549,LGR5,4504,14586,GRCh38,ENST00000266674.10,1,ENSP00000266674.4,NM_003667,,12285,143
29536,429,ASCL1,738,805,GRCh38,ENST00000266744.4,1,ENSP00000266744.3,NM_004316.4,,681,29536
7707,2065,ERBB3,3431,3726,GRCh38,ENST00000267101.8,1,ENSP00000267101.4,NM_001982.3,,3155,7707
29654,5925,RB1,9884,10379,GRCh38,ENST00000267163.6,1,ENSP00000267163.4,NM_000321.2,,8756,29654
14264,57697,FANCM,23168,30930,GRCh38,ENST00000267430.10,1,ENSP00000267430.5,NM_020937,,26309,14264
14989,2252,FGF7,3685,4058,GRCh38,ENST00000267843.9,1,ENSP00000267843.4,NM_002009,,3429,14989
12973,5888,RAD51,9817,10295,GRCh38,ENST00000267868.8,1,ENSP00000267868.3,NM_002875.4,,8686,12973
9529,5371,PML,9113,9354,GRCh38,ENST00000268058.8,1,ENSP00000268058.3,NM_033238,,7886,9529
7920,5428,POLG,9179,9422,GRCh38,ENST00000268124.11,1,ENSP00000268124.5,NM_001126131,,7947,7920
26873,5045,FURIN,8568,8705,GRCh38,ENST00000268171.8,1,ENSP00000268171.2,NM_001289823.1,,7349,26873
20997,8826,IQGAP1,6110,15107,GRCh38,ENST00000268182.10,1,ENSP00000268182.5,NM_003870,,12735,20997
24924,463,ZFHX3,777,859,GRCh38,ENST00000268489.10,1,ENSP00000268489.5,NM_006885.3,,727,24924
19250,1009,CDH11,1750,1878,GRCh38,ENST00000268603.9,1,ENSP00000268603.4,NM_001797,,1590,19250
17893,3394,IRF8,5358,5969,GRCh38,ENST00000268638.10,1,ENSP00000268638.4,NM_002163.2,,5035,17893
38399,863,CBFA2T3,1537,1598,GRCh38,ENST00000268679.9,1,ENSP00000268679.4,NM_005187,,1348,38399
24100,9611,NCOR1,7672,16506,GRCh38,ENST00000268712.8,1,ENSP00000268712.2,NM_006311.3,,13911,24100
19259,1000,CDH2,1759,1858,GRCh38,ENST00000269141.8,1,ENSP00000269141.3,NM_001792,,1572,19259
21332,80816,ASXL3,29357,34228,GRCh38,ENST00000269197.12,1,ENSP00000269197.4,NM_030632.3,,29130,21332
26012,114799,ESCO1,24645,38329,GRCh38,ENST00000269214.10,1,ENSP00000269214.4,NM_052911.3,,32668,26012
19965,2627,GATA6,4174,4532,GRCh38,ENST00000269216.10,1,ENSP00000269216.3,NM_005257,,3814,19965
6101,7157,TP53,11998,12792,GRCh38,ENST00000269305.9,1,ENSP00000269305.4,NM_000546.5,,10772,6101
27146,79755,ZNF750,25843,33275,GRCh38,ENST00000269394.4,1,ENSP00000269394.3,NM_024702.2,,28321,27146
7706,2064,ERBB2,3430,3724,GRCh38,ENST00000269571.10,1,ENSP00000269571.4,NM_004448.2,,3153,7706
8571,3454,IFNAR1,5432,6056,GRCh38,ENST00000270139.8,1,ENSP00000270139.3,NM_000629,,5111,8571
2823,51295,ECSIT,29548,26063,GRCh38,ENST00000270517.12,1,ENSP00000270517.6,NM_016581,,22146,2823
3502,83540,NUF2,14621,34964,GRCh38,ENST00000271452.8,1,ENSP00000271452.3,NM_031423.3,,29802,3502
28524,5546,PRCC,9343,9665,GRCh38,ENST00000271526.9,1,ENSP00000271526.4,NM_005973,,8150,28524
21819,9869,SETDB1,10761,17080,GRCh38,ENST00000271640.9,1,ENSP00000271640,NM_001145415.1,,14366,21819
20510,3707,ITPKB,6179,6495,GRCh38,ENST00000272117.8,1,ENSP00000272117,NM_002221,,5488,20510
15038,54465,ETAA1,24648,27116,GRCh38,ENST00000272342.6,1,ENSP00000272342.5,NM_019002.3,,23059,15038
1691,57007,ACKR3,23692,30066,GRCh38,ENST00000272928.4,1,ENSP00000272928.3,NM_020311,,25582,1691
18417,2044,EPHA5,3389,3685,GRCh38,ENST00000273854.7,1,ENSP00000273854,NM_004439.5,,3117,18417
1024,80854,SETD7,30412,34268,GRCh38,ENST00000274031.8,1,ENSP00000274031.3,NM_001306199.1,,29164,1024
37429,6423,SFRP2,10777,11286,GRCh38,ENST00000274063.5,1,ENSP00000274063.4,NM_003013.2,,9514,37429
11031,10769,PLK2,19699,18899,GRCh38,ENST00000274289.8,1,ENSP00000274289.3,NM_006622.3,,15865,11031
29658,5921,RASA1,9871,10370,GRCh38,ENST00000274376.11,1,ENSP00000274376.6,NM_002890.2,,8748,29658
30927,23092,ARHGAP26,17073,20548,GRCh38,ENST00000274498.9,1,ENSP00000274498,NM_015071,,17248,30927
1134,2559,GABRA6,4080,4420,GRCh38,ENST00000274545.10,1,ENSP00000274545.5,NM_000811,,3721,1134
32925,2768,GNA12,4380,4775,GRCh38,ENST00000275364.8,1,ENSP00000275364.3,NM_007353.2,,4024,32925
24469,1956,EGFR,3236,3509,GRCh38,ENST00000275493.7,1,ENSP00000275493.2,NM_005228.3,,2971,24469
15462,85417,CCNB3,18709,36744,GRCh38,ENST00000276014.11,1,ENSP00000276014,NM_033031.2,,31311,15462
19082,526,ATP6V1B2,854,972,GRCh38,ENST00000276390.7,1,ENSP00000276390.2,NM_001693.3,,821,19082
27214,63978,PRDM14,14001,31535,GRCh38,ENST00000276594.3,1,ENSP00000276594.2,NM_024504.3,,26825,27214
29369,340419,RSPO2,28583,47955,GRCh38,ENST00000276659.10,1,ENSP00000276659.5,NM_178565.5,,41267,29369
3692,1030,CDKN2B,1788,1927,GRCh38,ENST00000276925.7,1,ENSP00000276925.6,NM_004936.3,,1631,3692
20524,4915,NTRK2,8032,8504,GRCh38,ENST00000277120.8,1,ENSP00000277120.3,NM_006180.3,,7177,20524
23657,472,ATM,795,873,GRCh38,ENST00000278616.9,1,ENSP00000278616,NM_000051.3,,739,23657
4413,9049,AIP,358,15478,GRCh38,ENST00000279146.8,1,ENSP00000279146.3,NM_003977.4,,13038,4413
25725,84159,ARID5B,17362,35515,GRCh38,ENST00000279873.12,1,ENSP00000279873.7,NM_032199.2,,30262,25725
13624,1977,EIF4E,3287,3541,GRCh38,ENST00000280892.10,1,ENSP00000280892.6,NM_001130678.1,,2999,13624
6165,4613,MYCN,7559,7925,GRCh38,ENST00000281043.4,1,ENSP00000281043.3,NM_005378.4,,6701,6165
21087,55294,FBXW7,16712,28481,GRCh38,ENST00000281708.10,1,ENSP00000281708.3,NM_033632.3,,24226,21087
14672,57105,CYSLTR2,18274,30157,GRCh38,ENST00000282018.4,1,ENSP00000282018,NM_020377.2,,25662,14672
4576,5163,PDK1,8809,8933,GRCh38,ENST00000282077.8,1,ENSP00000282077.3,NM_002610,,7536,4576
11540,678,ZFP36L2,1108,1247,GRCh38,ENST00000282388.4,1,ENSP00000282388.3,NM_006887.4,,1055,11540
20900,2321,FLT1,3763,4207,GRCh38,ENST00000282397.9,1,ENSP00000282397.4,NM_002019.4,,3546,20900
2661,10413,YAP1,16262,18212,GRCh38,ENST00000282441.10,1,ENSP00000282441.5,NM_001130145.2,,15296,2661
778,55781,RIOK2,18999,29157,GRCh38,ENST00000283109.8,1,ENSP00000283109.3,NM_018343.3,,24807,778
40465,5903,RANBP2,9848,10328,GRCh38,ENST00000283195.11,1,ENSP00000283195.6,NM_006267,,8714,40465
23320,6317,SERPINB3,10569,11086,GRCh38,ENST00000283752.10,1,ENSP00000283752.5,NM_006919.2,,9346,23320
26706,221895,JAZF1,28917,44686,GRCh38,ENST00000283928.10,1,ENSP00000283928.5,NM_175061.4,,38257,26706
28024,124540,MSI2,18585,39376,GRCh38,ENST00000284073.7,1,ENSP00000284073.2,NM_138962.2,,33582,28024
14483,7345,UCHL1,12513,13084,GRCh38,ENST00000284440.9,1,ENSP00000284440.4,NM_004181,,11014,14483
33780,6921,ELOC,11617,12309,GRCh38,ENST00000284811.12,1,ENSP00000284811,NM_005648.3,,10363,33780
23469,7508,XPC,12816,13360,GRCh38,ENST00000285021.12,1,ENSP00000285021.8,NM_004628,,11248,23469
16507,201163,FLCN,27310,43930,GRCh38,ENST00000285071.9,1,ENSP00000285071.4,NM_144997.5,,37589,16507
21377,8714,ABCC3,54,14899,GRCh38,ENST00000285238.13,1,ENSP00000285238.8,NM_003786.4,,12552,21377
18954,27123,DKK2,2892,23263,GRCh38,ENST00000285311.8,1,ENSP00000285311.3,NM_014421.2,,19578,18954
34096,2071,ERCC3,3435,3739,GRCh38,ENST00000285398.7,1,ENSP00000285398.2,NM_000122.1,,3167,34096
7562,1436,CSF1R,2433,2633,GRCh38,ENST00000286301.7,1,ENSP00000286301,NM_005211.3,,2233,7562
4862,91748,MIDEAS,19853,37464,GRCh38,ENST00000286523.9,1,ENSP00000286523,NM_001043318.2,,31915,4862
6534,2776,GNAQ,4390,4796,GRCh38,ENST00000286548.9,1,ENSP00000286548.4,NM_002072.3,,4040,6534
22816,11197,WIF1,18081,19770,GRCh38,ENST00000286574.9,1,ENSP00000286574.4,NM_007191.4,,16595,22816
12921,571,BACH1,935,1038,GRCh38,ENST00000286800.8,1,ENSP00000286800.3,NM_001186.4,,879,12921
25765,701,BUB1B,1149,1281,GRCh38,ENST00000287598.11,1,ENSP00000287598.7,NM_001211.6,,1087,25765
29555,5468,PPARG,9236,9513,GRCh38,ENST00000287820.10,1,ENSP00000287820,NM_015869.4,,8022,29555
19078,3815,KIT,6342,6711,GRCh38,ENST00000288135.6,1,ENSP00000288135.6,NM_000222.2,,5673,19078
36165,2078,ERG,3446,3752,GRCh38,ENST00000288319.12,1,ENSP00000288319.7,NM_182918.3,,3177,36165
12493,80243,PREX2,22950,33990,GRCh38,ENST00000288368.5,1,ENSP00000288368.4,NM_024870.2,,28924,12493
14302,2176,FANCC,3584,3905,GRCh38,ENST00000289081.8,1,ENSP00000289081.3,NM_000136.2,,3303,14302
39812,5291,PIK3CB,8976,9177,GRCh38,ENST00000289153.6,1,ENSP00000289153,NM_006219.2,,7740,39812
37750,3017,H2BC5,4747,5308,GRCh38,ENST00000289316.2,1,ENSP00000289316,NM_021063.3,,4466,37750
7811,286,ANK1,492,537,GRCh38,ENST00000289734.13,1,ENSP00000289734.8,NM_000037.4,,447,7811
30667,10481,HOXB13,5112,18351,GRCh38,ENST00000290295.8,1,ENSP00000290295.8,NM_006361.5,,15413,30667
39964,7832,BTG2,1131,13782,GRCh38,ENST00000290551.5,1,ENSP00000290551.4,NM_006763,,11585,39964
40673,7307,U2AF1,12453,13012,GRCh38,ENST00000291552.9,1,ENSP00000291552.4,NM_006758.2,,10956,40673
8034,2264,FGFR4,3691,4093,GRCh38,ENST00000292408.9,1,ENSP00000292408.4,NM_213647.1,,3453,8034
41362,1523,CUX1,2557,2804,GRCh38,ENST00000292535.12,1,ENSP00000292535.7,NM_181552.3,,2378,41362
15679,54165,DCUN1D1,18184,27007,GRCh38,ENST00000292782.9,1,ENSP00000292782.4,NM_020640.2,,22963,15679
391,6777,STAT5B,11367,12025,GRCh38,ENST00000293328.8,1,ENSP00000293328.3,NM_012448.3,,10129,391
41896,84464,SLX4,23845,35910,GRCh38,ENST00000294008.4,1,ENSP00000294008.3,NM_032444.2,,30597,41896
1474,4041,LRP5,6697,7079,GRCh38,ENST00000294304.12,1,ENSP00000294304.6,NM_001291902.1,,5991,1474
31948,9965,FGF19,3675,17277,GRCh38,ENST00000294312.4,1,ENSP00000294312.3,NM_005117.2,,14537,31948
14355,6886,TAL1,11556,12228,GRCh38,ENST00000294339.3,1,ENSP00000294339,NM_001287347.2,,10300,14355
21609,23385,NCSTN,17091,21131,GRCh38,ENST00000294785.10,1,ENSP00000294785.5,NM_015331.2,,17723,21609
14438,5966,REL,9954,10452,GRCh38,ENST00000295025.12,1,ENSP00000295025,NM_002908.2,,8818,14438
24319,83932,SPRTN,25356,35287,GRCh38,ENST00000295050.12,1,ENSP00000295050.7,NM_032018.6,,30067,24319
38595,10461,MERTK,7027,18304,GRCh38,ENST00000295408.9,1,ENSP00000295408.4,NM_006343.2,,15375,38595
23661,476,ATP1A1,799,884,GRCh38,ENST00000295598.10,1,ENSP00000295598.5,NM_000701,,747,23661
11521,11167,FSTL1,3972,19706,GRCh38,ENST00000295633.8,1,ENSP00000295633.3,NM_007085,,16541,11521
28287,54738,FEV,18562,27417,GRCh38,ENST00000295727.2,1,ENSP00000295727.1,NM_017521.2,,23324,28287
24340,7048,TGFBR2,11773,12561,GRCh38,ENST00000295754.10,1,ENSP00000295754.5,NM_003242.6,,10580,24340
6841,5584,PRKCI,9404,9750,GRCh38,ENST00000295797.5,1,ENSP00000295797.4,NM_002740.5,,8214,6841
27935,213,ALB,399,405,GRCh38,ENST00000295897.9,1,ENSP00000295897.4,NM_000477.5,,332,27935
36378,4486,MST1R,7381,7708,GRCh38,ENST00000296474.8,1,ENSP00000296474.3,NM_002447.2,,6506,36378
25745,3562,IL3,6011,6216,GRCh38,ENST00000296870.3,1,ENSP00000296870.2,NM_000588.3,,5252,25745
22305,30012,TLX3,13532,25250,GRCh38,ENST00000296921.6,1,ENSP00000296921.5,NM_021025.2,,21446,22305
23185,4869,NPM1,7910,8416,GRCh38,ENST00000296930.10,1,ENSP00000296930.5,NM_002520.6,,7103,23185
20855,64321,SOX17,18122,31772,GRCh38,ENST00000297316.5,1,ENSP00000297316.4,NM_022454.3,,27015,20855
12970,5885,RAD21,9811,10288,GRCh38,ENST00000297338.7,1,ENSP00000297338.2,NM_006265.2,,8680,12970
7697,79870,BAALC,14333,33490,GRCh38,ENST00000297574.6,1,ENSP00000297574,,,28499,7697
17055,7486,WRN,12791,13336,GRCh38,ENST00000298139.7,1,ENSP00000298139.5,NM_000553,,11228,17055
17817,3636,INPPL1,6080,6361,GRCh38,ENST00000298229.7,1,ENSP00000298229.2,NM_001567.3,,5372,17817
25918,7248,TSC1,12362,12909,GRCh38,ENST00000298552.9,1,ENSP00000298552.3,NM_000368.4,,10864,25918
7006,161742,SPRED1,20249,42922,GRCh38,ENST00000299084.9,1,ENSP00000299084.4,NM_152594.2,,36715,7006
22155,121643,FOXN4,21399,39119,GRCh38,ENST00000299162.10,1,ENSP00000299162.5,NM_213596,,33354,22155
20086,23300,ATMIN,29034,20961,GRCh38,ENST00000299575.5,1,ENSP00000299575.3,NM_015251.3,,17585,20086
22436,4629,MYH11,7569,7958,GRCh38,ENST00000300036.6,1,ENSP00000300036.5,NM_002474,,6729,22436
31027,4665,NAB2,7627,8024,GRCh38,ENST00000300131.8,1,ENSP00000300131.3,NM_005967.4,,6783,31027
2366,6778,STAT6,11368,12027,GRCh38,ENST00000300134.8,1,ENSP00000300134.3,NM_001178078.1,,10131,2366
27944,6447,SCG5,10816,11336,GRCh38,ENST00000300175.9,1,ENSP00000300175.4,NM_001144757.1,,9554,27944
7089,861,RUNX1,10471,1593,GRCh38,ENST00000300305.7,1,ENSP00000300305.3,NM_001754.4,,1344,7089
7709,2067,ERCC1,3433,3731,GRCh38,ENST00000300853.8,1,ENSP00000300853.3,NM_001983,,3159,7709
21556,29123,ANKRD11,21316,24942,GRCh38,ENST00000301030.10,1,ENSP00000301030.4,NM_013275.5,,21183,21556
3755,8085,KMT2D,7133,13977,GRCh38,ENST00000301067.12,1,ENSP00000301067.7,NM_003482.3,,11753,3755
23774,558,AXL,905,1026,GRCh38,ENST00000301178.9,1,ENSP00000301178.3,NM_021913.4,,869,23774
18211,54949,SDHAF2,26034,27800,GRCh38,ENST00000301761.7,1,ENSP00000301761.3,NM_017841.2,,23650,18211
4443,4330,MN1,7180,7610,GRCh38,ENST00000302326.5,1,ENSP00000304956.4,NM_002430,,6430,4443
16675,7764,ZNF217,13009,13704,GRCh38,ENST00000302342.3,1,ENSP00000304308,NM_006526,,11522,16675
7846,124583,CANT1,19721,39381,GRCh38,ENST00000302345.6,1,ENSP00000307674,NM_001159772,,33586,7846
40043,1495,CTNNA1,2509,2747,GRCh38,ENST00000302763.12,1,ENSP00000304669.7,NM_001903,,2330,40043
31573,6795,AURKC,11391,12064,GRCh38,ENST00000302804.12,1,ENSP00000302898.6,NM_001015878.2,,10163,31573
11792,3643,INSR,6091,6372,GRCh38,ENST00000302850.10,1,ENSP00000303830.4,NM_000208.2,,5382,11792
41979,3575,IL7R,6024,6242,GRCh38,ENST00000303115.8,1,ENSP00000306157.3,NM_002185.3,,5274,41979
31705,8019,BRD3,1104,13929,GRCh38,ENST00000303407.12,1,ENSP00000305918.6,NM_007371,,11709,31705
20776,5093,PCBP1,8647,8798,GRCh38,ENST00000303577.7,1,ENSP00000305556.5,NM_006196.3,,7423,20776
365,23261,CAMTA1,18806,20889,GRCh38,ENST00000303635.12,1,ENSP00000306522.6,NM_015215.4,,17531,365
22130,3008,H1-4,4718,5292,GRCh38,ENST00000304218.6,1,ENSP00000307705.4,NM_005321.2,,4453,22130
12889,1029,CDKN2A,1787,1924,GRCh38,ENST00000304494.10,1,ENSP00000307101.5,NM_000077.4,,1629,12889
2148,10594,PRPF8,17340,18579,GRCh38,ENST00000304992.11,1,ENSP00000304350.6,NM_006445,,15601,2148
9344,3667,IRS1,6125,6412,GRCh38,ENST00000305123.6,1,ENSP00000304895.4,NM_005544.2,,5416,9344
25049,157570,ESCO2,27230,42599,GRCh38,ENST00000305188.13,1,ENSP00000306999.8,NM_001017420.2,,36416,25049
13983,613,BCR,1014,1112,GRCh38,ENST00000305877.13,1,ENSP00000303507.8,NM_004327.3,,945,13983
37021,8493,PPM1D,9277,14459,GRCh38,ENST00000305921.8,1,ENSP00000306682.2,NM_003620.3,,12179,37021
25190,2119,ETV5,3494,3807,GRCh38,ENST00000306376.10,1,ENSP00000306894.5,NM_004454.2,,3219,25190
7669,57521,RPTOR,30287,30613,GRCh38,ENST00000306801.8,1,ENSP00000307272.3,NM_020761.2,,26034,7669
32637,3479,IGF1,5464,6086,GRCh38,ENST00000307046.8,1,ENSP00000302665,NM_001111285.1,,5137,32637
11740,8313,AXIN2,904,14150,GRCh38,ENST00000307078.10,1,ENSP00000302625.5,NM_004655.3,,11906,11740
37395,5604,MAP2K1,6840,9797,GRCh38,ENST00000307102.10,1,ENSP00000302486.5,NM_002755.3,,8254,37395
22148,9101,USP8,12631,15587,GRCh38,ENST00000307179.9,1,ENSP00000302239.4,NM_001128610.2,,13126,22148
12136,598,BCL2L1,992,1085,GRCh38,ENST00000307677.5,1,ENSP00000302564.4,NM_138578.1,,921,12136
16071,8028,MLLT10,16063,13938,GRCh38,ENST00000307729.12,1,ENSP00000307411.7,NM_001195626.1,,11717,16071
4640,8233,ZRSR2,23019,14081,GRCh38,ENST00000307771.8,1,ENSP00000303015.7,NM_005089.3,,11846,4640
10119,9688,NUP93,28958,16676,GRCh38,ENST00000308159.10,1,ENSP00000310668.5,NM_014669.4,,14044,10119
38771,2000,ELF4,3319,3593,GRCh38,ENST00000308167.10,1,ENSP00000311280.6,NM_001127197,,3039,38771
31124,91607,SLFN11,26633,37413,GRCh38,ENST00000308377.8,1,ENSP00000312402,NM_001104587.1,,31875,31124
17584,5566,PRKACA,9380,9702,GRCh38,ENST00000308677.9,1,ENSP00000309591.3,NM_002730.3,,8180,17584
31898,695,BTK,1133,1274,GRCh38,ENST00000308731.8,1,ENSP00000308176.8,NM_000061.2,,1081,31898
1314,51162,EGFL7,20594,25833,GRCh38,ENST00000308874.12,1,ENSP00000307843.7,NM_201446.2,,21943,1314
8898,11338,U2AF2,23156,19984,GRCh38,ENST00000308924.9,1,ENSP00000307863.3,NM_007279.2,,16779,8898
5123,5978,REST,9966,10474,GRCh38,ENST00000309042.12,1,ENSP00000311816.7,NM_001193508.1,,8838,5123
32489,2886,GRB7,4567,5036,GRCh38,ENST00000309156.9,1,ENSP00000310771.4,NM_001030002,,4234,32489
18253,84446,BRSK1,18994,35880,GRCh38,ENST00000309383.6,1,ENSP00000310649.1,NM_032430,,30573,18253
25464,7423,VEGFB,12681,13221,GRCh38,ENST00000309422.7,1,ENSP00000311127.2,NM_003377.5,,11134,25464
41340,5771,PTPN2,9650,10098,GRCh38,ENST00000309660.10,1,ENSP00000311857.3,NM_002828.3,,8520,41340
40170,7172,TPMT,12014,12831,GRCh38,ENST00000309983.5,1,ENSP00000312304.4,NM_000367.5,,10800,40170
25916,7015,TERT,11730,12496,GRCh38,ENST00000310581.10,1,ENSP00000309572.5,NM_198253.2,,10520,25916
19515,55215,FANCI,25568,28313,GRCh38,ENST00000310775.12,1,ENSP00000310842.8,NM_001113378.2,,24090,19515
6447,26512,INTS6,14879,22694,GRCh38,ENST00000311234.9,1,ENSP00000310260.4,NM_012141,,19065,6447
15299,3159,HMGA1,5010,5589,GRCh38,ENST00000311487.9,1,ENSP00000308227.4,NM_145899,,4717,15299
17037,5644,PRSS1,9475,9863,GRCh38,ENST00000311737.12,1,ENSP00000308720.7,NM_002769.4,,8316,17037
34095,2072,ERCC4,3436,3741,GRCh38,ENST00000311895.8,1,ENSP00000310520.7,NM_005236.2,,3169,34095
30432,3845,KRAS,6407,6772,GRCh38,ENST00000311936.8,1,ENSP00000308495.3,NM_004985.3,,5723,30432
38306,4221,MEN1,7010,7427,GRCh38,ENST00000312049.11,1,ENSP00000308975.6,NM_130799.2,,6281,38306
16502,4778,NFE2,7780,8246,GRCh38,ENST00000312156.8,1,ENSP00000312436,NM_001136023.2,,6965,16502
10065,2348,FOLR1,3791,4248,GRCh38,ENST00000312293.9,1,ENSP00000308137,NM_000802,,3580,10065
14990,2250,FGF5,3683,4054,GRCh38,ENST00000312465.12,1,ENSP00000311697.7,NM_004464,,3425,14990
5746,6199,RPS6KB2,10437,10865,GRCh38,ENST00000312629.10,1,ENSP00000308413.5,NM_003952.2,,9164,5746
31576,6790,AURKA,11393,12053,GRCh38,ENST00000312783.10,1,ENSP00000321591,NM_003600.2,,10153,31576
31931,55109,AGGF1,24684,28095,GRCh38,ENST00000312916.12,1,ENSP00000316109.7,NM_018046.5,,23905,31931
14670,1879,EBF1,3126,3409,GRCh38,ENST00000313708.11,1,ENSP00000322898.6,NM_024007,,2887,14670
22538,8334,H2AC6,4733,14193,GRCh38,ENST00000314088.6,1,ENSP00000321389,NM_003512.3,,11943,22538
395,6773,STAT2,11363,12014,GRCh38,ENST00000314128.9,1,ENSP00000315768.4,NM_005419.3,,10121,395
19249,5591,PRKDC,9413,9767,GRCh38,ENST00000314191.7,1,ENSP00000313420.3,NM_006904.7,,8228,19249
17782,8347,H2BC4,4757,14215,GRCh38,ENST00000314332.5,1,ENSP00000321744,NM_003518.3,,11964,17782
4765,9203,ZMYM3,13054,15766,GRCh38,ENST00000314425.9,1,ENSP00000322845.5,NM_005096,,13276,4765
34372,7525,YES1,12841,13384,GRCh38,ENST00000314574.5,1,ENSP00000324740.4,NM_005433.3,,11266,34372
12522,23047,PDS5B,20418,20466,GRCh38,ENST00000315596.15,1,ENSP00000313851.10,NM_015032.3,,17180,12522
8839,7030,TFE3,11752,12524,GRCh38,ENST00000315869.8,1,ENSP00000314129.7,NM_006521.5,,10546,8839
2385,23185,LARP4B,28987,20734,GRCh38,ENST00000316157.8,1,ENSP00000326128.3,NM_015155.2,,17399,2385
32210,811,CALR,1455,1486,GRCh38,ENST00000316448.10,1,ENSP00000320866.4,NM_004343.3,,1264,32210
31269,2932,GSK3B,4617,5140,GRCh38,ENST00000316626.6,1,ENSP00000324806.5,NM_002093.3,,4316,31269
36096,5366,PMAIP1,9108,9344,GRCh38,ENST00000316660.7,1,ENSP00000326119.7,NM_021127.2,,7876,36096
38609,54904,NSD3,12767,27710,GRCh38,ENST00000317025.13,1,ENSP00000313983.7,NM_023034.1,,23574,38609
13295,83852,SETDB2,20263,35178,GRCh38,ENST00000317257.12,1,ENSP00000326477.9,NM_031915.2,,29974,13295
29598,8284,KDM5D,11115,14115,GRCh38,ENST00000317961.9,1,ENSP00000322408.4,NM_004653,,11875,29598
6674,3927,LASP1,6513,6902,GRCh38,ENST00000318008.11,1,ENSP00000325240.6,NM_006148.4,,5840,6674
20155,219285,SAMD9L,1349,44196,GRCh38,ENST00000318238.9,1,ENSP00000326247.4,NM_152703.5,,37830,20155
631,80381,CD276,19137,34125,GRCh38,ENST00000318443.10,1,ENSP00000320084.5,NM_001024736.1,,29044,631
12693,27436,EML4,1316,23578,GRCh38,ENST00000318522.10,1,ENSP00000320663.5,NM_019063.5,,19854,12693
27752,25,ABL1,76,45,GRCh38,ENST00000318560.6,1,ENSP00000323315.5,NM_005157.4,,38,27752
41221,27086,FOXP1,3823,23202,GRCh38,ENST00000318789.11,1,ENSP00000318902,NM_001244814.1,,19531,41221
25189,2118,ETV4,3493,3805,GRCh38,ENST00000319349.10,1,ENSP00000321835.4,NM_001079675.2,,3217,25189
25194,2113,ETS1,3488,3790,GRCh38,ENST00000319397.7,1,ENSP00000324578,NM_005238,,3207,25194
21138,84126,ATRIP,33499,35470,GRCh38,ENST00000320211.10,1,ENSP00000323099.3,NM_130384,,30226,21138
29867,2146,EZH2,3527,3854,GRCh38,ENST00000320356.7,1,ENSP00000320147.2,NM_004456.4,,3255,29867
5031,5426,POLE,9177,9418,GRCh38,ENST00000320574.10,1,ENSP00000322570.5,NM_006231.2,,7943,5031
1028,1728,NQO1,2874,3121,GRCh38,ENST00000320623.10,1,ENSP00000319788.5,NM_000903,,2645,1028
10295,84142,ABRAXAS1,25829,35499,GRCh38,ENST00000321945.12,1,ENSP00000369857.3,NM_139076.2,,30248,10295
35706,23373,CRTC1,16062,21111,GRCh38,ENST00000321949.13,1,ENSP00000323332.7,NM_015321.3,,17705,35706
34698,5518,PPP2R1A,9302,9597,GRCh38,ENST00000322088.11,1,ENSP00000324804.6,NM_014225.5,,8096,34698
9442,8243,SMC1A,11111,14095,GRCh38,ENST00000322213.9,1,ENSP00000323421.3,NM_006306.3,,11856,9442
12586,51341,ZBTB7A,18078,26161,GRCh38,ENST00000322357.9,1,ENSP00000323670.3,NM_015898,,22228,12586
19261,10992,SF3B2,10769,19350,GRCh38,ENST00000322535.11,1,ENSP00000318861.6,NM_006842,,16247,19261
26552,23512,SUZ12,17101,21335,GRCh38,ENST00000322652.10,1,ENSP00000316578.5,NM_015355.2,,17901,26552
22743,7298,TYMS,12441,12998,GRCh38,ENST00000323274.15,1,ENSP00000315644.10,NM_001071.4,,10942,22743
9222,4361,MRE11,7230,7670,GRCh38,ENST00000323929.8,1,ENSP00000325863.4,NM_005591.3,,6474,9222
39646,1974,EIF4A2,3284,3534,GRCh38,ENST00000323963.10,1,ENSP00000326381.5,NM_001967.3,,2995,39646
7473,940,CD28,1653,1735,GRCh38,ENST00000324106.9,1,ENSP00000324890.7,NM_006139.3,,1468,7473
17902,4261,CIITA,7067,7497,GRCh38,ENST00000324288.14,1,ENSP00000316328.8,NM_000246.3,,6337,17902
29601,8289,ARID1A,11110,14121,GRCh38,ENST00000324856.13,1,ENSP00000320485.7,NM_006015.4,,11881,29601
24552,129563,DIS3L2,28648,40033,GRCh38,ENST00000325385.12,1,ENSP00000315569.7,NM_152383.5,,34170,24552
9331,6657,SOX2,11195,11780,GRCh38,ENST00000325404.3,1,ENSP00000323588.1,NM_003106.3,,9927,9331
1033,5241,PGR,8910,9069,GRCh38,ENST00000325455.10,1,ENSP00000325120.5,NM_000926.4,,7654,1033
21050,55164,SHQ1,25543,28195,GRCh38,ENST00000325599.13,1,ENSP00000315182.8,NM_018130.2,,23995,21050
33117,84231,TRAF7,20456,35610,GRCh38,ENST00000326181.11,1,ENSP00000318944.6,NM_032271.2,,30344,33117
21232,6794,STK11,11389,12062,GRCh38,ENST00000326873.12,1,ENSP00000324856.6,NM_000455.4,,10161,21232
18955,27122,DKK3,2893,23261,GRCh38,ENST00000326932.8,1,ENSP00000314910,NM_001018057.1,,19576,18955
4217,10498,CARM1,23393,18392,GRCh38,ENST00000327064.9,1,ENSP00000325690.4,NM_199141.1,,15445,4217
24722,4088,SMAD3,6769,7172,GRCh38,ENST00000327367.9,1,ENSP00000332973.4,NM_005902.3,,6073,24722
11167,2188,FANCF,3587,3935,GRCh38,ENST00000327470.6,1,ENSP00000330875.3,NM_022725,,3323,11167
30697,1789,DNMT3B,2979,3240,GRCh38,ENST00000328111.6,1,ENSP00000328547.2,NM_006892.3,,2741,30697
7672,5454,POU3F2,9215,9484,GRCh38,ENST00000328345.8,1,ENSP00000329170.5,NM_005604,,7998,7672
39052,2242,FES,3657,4037,GRCh38,ENST00000328850.8,1,ENSP00000331504.3,NM_002005,,3409,39052
21994,220,ALDH1A3,409,420,GRCh38,ENST00000329841.10,1,ENSP00000332256.5,NM_000693.4,,346,21994
23172,3418,IDH2,5383,5987,GRCh38,ENST00000330062.8,1,ENSP00000331897.4,NM_002168.2,,5051,23172
6881,64764,CREB3L2,23720,31997,GRCh38,ENST00000330387.11,1,ENSP00000329140.6,NM_194071.4,,27212,6881
38680,51428,DDX41,18674,26265,GRCh38,ENST00000330503.12,1,ENSP00000330349.8,NM_016222.4,,22318,38680
4825,2903,GRIN2A,4585,5084,GRCh38,ENST00000330684.4,1,ENSP00000332549.3,NM_001134407.1,,4268,4825
29399,9021,SOCS3,19391,15426,GRCh38,ENST00000330871.3,1,ENSP00000330341.2,NM_003955.4,,12994,29399
41825,5155,PDGFB,8800,8915,GRCh38,ENST00000331163.11,1,ENSP00000330382.6,NM_002608.2,,7520,41825
27428,10320,IKZF1,13176,18039,GRCh38,ENST00000331340.8,1,ENSP00000331614.3,NM_006060.6,,15146,27428
22129,3009,H1-5,4719,5294,GRCh38,ENST00000331442.5,1,ENSP00000330074.4,NM_005322.2,,4455,22129
39771,653604,H3C13,25311,56761,GRCh38,ENST00000331491.2,1,ENSP00000333277.2,NM_001123375.2,,49712,39771
4034,84193,SETD3,20493,35565,GRCh38,ENST00000331768.10,1,ENSP00000327436.5,NM_032233.2,,30304,4034
35260,5727,PTCH1,9585,10020,GRCh38,ENST00000331920.11,1,ENSP00000332353.6,NM_000264.3,,8452,35260
6840,5587,PRKD1,9407,9757,GRCh38,ENST00000331968.11,1,ENSP00000333568.6,NM_002742.2,,8220,6840
40970,8651,SOCS1,19383,14777,GRCh38,ENST00000332029.4,1,ENSP00000329418.2,NM_003745.1,,12452,40970
23062,84295,PHF6,18145,35741,GRCh38,ENST00000332070.7,1,ENSP00000329097,NM_001015877.1,,30452,23062
13106,54093,SETD4,1258,26968,GRCh38,ENST00000332131.9,1,ENSP00000329189.4,NM_017438.4,,22931,13106
19974,9582,APOBEC3B,17352,16455,GRCh38,ENST00000333467.4,1,ENSP00000327459.3,NM_004900.5,,13869,19974
34606,5277,PIGA,8957,9144,GRCh38,ENST00000333590.6,1,ENSP00000369820.3,NM_002641.3,,7714,34606
1968,596,BCL2,990,1081,GRCh38,ENST00000333681.5,1,ENSP00000329623.3,NM_000633.2,,917,1968
40079,256646,NUTM1,29919,45384,GRCh38,ENST00000333756.5,1,ENSP00000329448,XM_011521429.1,,38888,40079
39045,2248,FGF3,3681,4050,GRCh38,ENST00000334134.4,1,ENSP00000334122.2,NM_005247.2,,3421,39045
24457,8986,RPS6KA4,10433,15376,GRCh38,ENST00000334205.9,1,ENSP00000333896.4,NM_003942.2,,12954,24457
28309,196528,ARID2,18037,43666,GRCh38,ENST00000334344.11,1,ENSP00000335044.6,NM_152641.2,,37363,28309
9378,5133,PDCD1,8760,8864,GRCh38,ENST00000334409.10,1,ENSP00000335062.5,NM_005018.2,,7477,9378
28259,56946,EMSY,18071,29958,GRCh38,ENST00000334736.7,1,ENSP00000334130,NM_020193,,25492,28259
19964,2626,GATA4,4173,4530,GRCh38,ENST00000335135.8,1,ENSP00000334458,NM_002052,,3812,19964
2404,23451,SF3B1,10768,21245,GRCh38,ENST00000335508.11,1,ENSP00000335321.6,NM_012433.2,,17821,2404
14538,1058,CENPA,1851,1976,GRCh38,ENST00000335756.9,1,ENSP00000336868.4,NM_001809.3,,1677,14538
23266,4004,LMO1,6641,7024,GRCh38,ENST00000335790.8,1,ENSP00000338207.3,NM_002315.2,,5944,23266
30168,7317,UBA1,12469,13027,GRCh38,ENST00000335972.11,1,ENSP00000338413.6,NM_003334.4,,10968,30168
14877,10957,PNRC1,17278,19283,GRCh38,ENST00000336032.4,1,ENSP00000336931.3,NM_006813.2,,16188,14877
41131,677,ZFP36L1,1107,1245,GRCh38,ENST00000336440.4,1,ENSP00000337386,NM_001244698.1,,1053,41131
18419,2042,EPHA3,3387,3680,GRCh38,ENST00000336596.7,1,ENSP00000337451.2,NM_005233.5,,3113,18419
8138,79621,RNASEH2B,25671,33011,GRCh38,ENST00000336617.8,1,ENSP00000337623.2,NM_024570,,28093,8138
12539,1665,DHX15,2738,3068,GRCh38,ENST00000336812.5,1,ENSP00000336741.4,NM_001358.3,,2597,12539
29981,3932,LCK,6524,6911,GRCh38,ENST00000336890.10,1,ENSP00000337825.5,NM_001042771.2,,5848,29981
36228,3092,HIP1,4913,5441,GRCh38,ENST00000336926.11,1,ENSP00000336747.6,NM_005338.7,,4583,36228
36231,3091,HIF1A,4910,5439,GRCh38,ENST00000337138.9,1,ENSP00000338018.4,NM_001530.3,,4581,36231
35622,5889,RAD51C,9820,10297,GRCh38,ENST00000337432.9,1,ENSP00000336701.4,NM_058216.2,,8688,35622
11350,6757,SSX2,11336,11990,GRCh38,ENST00000337502.6,1,ENSP00000338561.5,NM_175698.4,,10099,11350
24412,2246,FGF1,3665,4046,GRCh38,ENST00000337706.7,1,ENSP00000338548.2,NM_000800,,3417,24412
779,55783,CMTR2,25635,29160,GRCh38,ENST00000338099.9,1,ENSP00000337512,NM_001099642.1,,24809,779
16500,4771,NF2,7773,8228,GRCh38,ENST00000338641.10,1,ENSP00000344666.5,NM_000268.3,,6953,16500
30020,8741,TNFSF13,11928,14954,GRCh38,ENST00000338784.9,1,ENSP00000343505.4,NM_003808,,12598,30020
2477,8970,H2BC11,4761,15356,GRCh38,ENST00000339812.3,1,ENSP00000342886.3,NM_021058.3,,12938,2477
25945,283455,KSR2,18610,45943,GRCh38,ENST00000339824.7,1,ENSP00000339952.4,NM_173598.6,,39399,25945
40183,7398,USP1,12607,13168,GRCh38,ENST00000339950.5,1,ENSP00000343526.4,NM_003368.5,,11090,40183
19609,440093,H3-5,33164,52916,GRCh38,ENST00000340398.5,1,ENSP00000339835.3,NM_001013699.2,,45978,19609
29184,9623,TCL1B,11649,16529,GRCh38,ENST00000340722.8,1,ENSP00000343223.6,NM_004918.3,,13929,29184
30703,1786,DNMT1,2976,3233,GRCh38,ENST00000340748.8,1,ENSP00000345739,NM_001379.2,,2735,30703
29445,857,CAV1,1527,1581,GRCh38,ENST00000341049.7,1,ENSP00000339191.2,NM_001753.5,,1336,29445
23323,6318,SERPINB4,10570,11088,GRCh38,ENST00000341074.10,1,ENSP00000343445.5,NM_002974.3,,9348,23323
19966,2624,GATA2,4171,4522,GRCh38,ENST00000341105.7,1,ENSP00000345681.2,NM_032638.4,,3808,19966
35810,10019,SH2B3,29605,17386,GRCh38,ENST00000341259.7,1,ENSP00000345492.2,NM_005475.2,,14627,35810
21238,89857,KLHL6,18653,36924,GRCh38,ENST00000341319.8,1,ENSP00000341342.3,NM_130446,,31463,21238
9755,3720,JARID2,6196,6518,GRCh38,ENST00000341776.7,1,ENSP00000341280.2,NM_004973.3,,5508,9755
31039,5170,PDPK1,8816,8950,GRCh38,ENST00000342085.9,1,ENSP00000344220.4,NM_002613.4,,7550,31039
4974,3716,JAK1,6190,6512,GRCh38,ENST00000342505.5,1,ENSP00000343204.4,NM_002227.2,,5502,4974
7708,2066,ERBB4,3432,3728,GRCh38,ENST00000342788.9,1,ENSP00000342235.4,NM_005235.2,,3157,7708
24723,4089,SMAD4,6770,7174,GRCh38,ENST00000342988.8,1,ENSP00000341551.3,NM_005359.5,,6075,24723
39593,340602,EZHIP,33738,48021,GRCh38,ENST00000342995.4,1,ENSP00000342680.2,NM_203407.3,,41323,39593
32970,22978,NT5C2,8022,20326,GRCh38,ENST00000343289.9,1,ENSP00000339479,NM_001134373.2,,17068,32970
22124,3006,H1-2,4716,5288,GRCh38,ENST00000343677.4,1,ENSP00000339566.3,NM_005319.3,,4449,22124
31759,2309,FOXO3,3821,4182,GRCh38,ENST00000343882.10,1,ENSP00000339527,NM_001455,,3524,31759
36371,84335,AKT1S1,28426,35828,GRCh38,ENST00000344175.10,1,ENSP00000341698.5,NM_001098633.4,,30525,36371
23517,2253,FGF8,3686,4062,GRCh38,ENST00000344255.8,1,ENSP00000340039,NM_033164,,3431,23517
28257,56940,DUSP22,16077,29942,GRCh38,ENST00000344450.9,1,ENSP00000345281,NM_020185.4,,25480,28257
41605,998,CDC42,1736,1854,GRCh38,ENST00000344548.8,1,ENSP00000341072,NM_001791.3,,1568,41605
10751,29102,DROSHA,17904,24901,GRCh38,ENST00000344624.8,1,ENSP00000339845.3,NM_013235.4,,21147,10751
42134,9020,MAP3K14,6853,15424,GRCh38,ENST00000344686.8,1,ENSP00000478552.1,NM_003954.3,,12992,42134
23166,3417,IDH1,5382,5985,GRCh38,ENST00000345146.7,1,ENSP00000260985.2,NM_005896.2,,5049,23166
28537,5892,RAD51D,9823,10305,GRCh38,ENST00000345365.11,1,ENSP00000338790.6,NM_002878.3,,8694,28537
390,6776,STAT5A,11366,12023,GRCh38,ENST00000345506.8,1,ENSP00000341208,NM_003152.3,,10127,390
278,9759,HDAC4,14063,16843,GRCh38,ENST00000345617.7,1,ENSP00000264606,NM_006037.3,,14174,278
25969,931,MS4A1,7315,1721,GRCh38,ENST00000345732.9,1,ENSP00000314620.7,NM_021950,,1454,25969
19967,2625,GATA3,4172,4527,GRCh38,ENST00000346208.4,1,ENSP00000341619,NM_002051.2,,3810,19967
23910,10620,ARID3B,14350,18634,GRCh38,ENST00000346246.10,1,ENSP00000343126.5,NM_001307939.1,,15645,23910
23366,1649,DDIT3,2726,3032,GRCh38,ENST00000346473.8,1,ENSP00000340671.3,NM_001195057.1,,2571,23366
4137,1871,E2F3,3115,3397,GRCh38,ENST00000346618.8,1,ENSP00000262904.4,NM_001949.4,,2875,4137
37130,22806,IKZF3,13178,20026,GRCh38,ENST00000346872.8,1,ENSP00000344544.3,NM_012481.4,,16815,37130
9075,8405,SPOP,11254,14305,GRCh38,ENST00000347630.6,1,ENSP00000240327,NM_001007228.1,,12047,9075
12628,9448,MAP4K4,6866,16201,GRCh38,ENST00000347699.8,1,ENSP00000314363,NM_001242559,,13655,12628
7196,4209,MEF2D,6997,7404,GRCh38,ENST00000348159.9,1,ENSP00000271555.5,NM_005920.3,,6261,7196
27112,6605,SMARCE1,11109,11668,GRCh38,ENST00000348513.12,1,ENSP00000323967.6,NM_003079.4,,9827,27112
6333,207,AKT1,391,393,GRCh38,ENST00000349310.7,1,ENSP00000270202,NM_001014431.1,,322,6333
40047,1499,CTNNB1,2514,2757,GRCh38,ENST00000349496.11,1,ENSP00000344456.5,NM_001904.3,,2338,40047
36205,6595,SMARCA2,11098,11644,GRCh38,ENST00000349721.8,1,ENSP00000265773.5,NM_001289396.1,,9808,36205
12582,332,BIRC5,593,630,GRCh38,ENST00000350051.8,1,ENSP00000324180.4,NM_001168.3,,521,12582
30528,776,CACNA1D,1391,1419,GRCh38,ENST00000350061.11,1,ENSP00000288133.5,NM_001128840,,1204,30528
11394,5077,PAX3,8617,8767,GRCh38,ENST00000350526.9,1,ENSP00000343052,NM_181457,,7397,11394
8354,545,ATR,882,1004,GRCh38,ENST00000350721.9,1,ENSP00000343741.4,NM_001184.3,,851,8354
22903,5781,PTPN11,9644,10113,GRCh38,ENST00000351677.7,1,ENSP00000340944.3,NM_002834.3,,8532,22903
36529,57144,PAK5,15916,30226,GRCh38,ENST00000353224.10,1,ENSP00000322957.5,NM_177990.2,,25723,36529
32713,6416,MAP2K4,6844,11275,GRCh38,ENST00000353533.10,1,ENSP00000262445.5,NM_003010.3,,9504,32713
25966,9863,MAGI2,18957,17068,GRCh38,ENST00000354212.9,1,ENSP00000346151.4,NM_012301.4,,14356,25966
40739,6890,TAP1,43,12234,GRCh38,ENST00000354258.5,1,ENSP00000346206.5,NM_000593.5,,10306,40739
8545,1399,CRKL,2363,2564,GRCh38,ENST00000354336.8,1,ENSP00000346300.3,NM_005207.3,,2173,8545
2523,7080,NKX2-1,11825,12626,GRCh38,ENST00000354822.7,1,ENSP00000346879.6,NM_001079668.2,,10636,2523
25603,641,BLM,1058,1158,GRCh38,ENST00000355112.8,1,ENSP00000347232.3,NM_000057.2,,985,25603
36131,4928,NUP98,8068,8533,GRCh38,ENST00000355260.8,1,ENSP00000347404.3,NM_139132.4,,7201,36131
3454,3792,KEL,6308,6664,GRCh38,ENST00000355265.7,1,ENSP00000347409.2,NM_000420,,5630,3454
36597,147495,APCDD1,15718,41629,GRCh38,ENST00000355285.10,1,ENSP00000347433.4,NM_153000.5,,35568,36597
36001,79145,CHCHD7,28314,32622,GRCh38,ENST00000355315.8,1,ENSP00000347469.3,NM_001011671.3,,27740,36001
29655,5926,ARID4A,9885,10381,GRCh38,ENST00000355431.8,1,ENSP00000347602.3,NM_002892.3,,8758,29655
33380,331,XIAP,592,627,GRCh38,ENST00000355640.3,1,ENSP00000347858,NM_001167.3,,519,33380
30702,1785,DNM2,2974,3229,GRCh38,ENST00000355667.11,1,ENSP00000347890,NM_001005360,,2733,30702
10598,114785,MBD6,20445,38299,GRCh38,ENST00000355673.8,1,ENSP00000347896.3,NM_052897.3,,32642,10598
5121,5979,RET,9967,10476,GRCh38,ENST00000355710.8,1,ENSP00000347942.3,NM_020975.4,,8840,5121
36995,8764,TNFRSF14,11912,14989,GRCh38,ENST00000355716.5,1,ENSP00000347948.4,NM_003820.2,,12630,36995
27197,27030,MLH3,7128,23138,GRCh38,ENST00000355774.7,1,ENSP00000348020.2,NM_001040108,,19479,27197
34100,2074,ERCC6,3438,3745,GRCh38,ENST00000355832.10,1,ENSP00000348089.5,NM_000124.4,,3173,34100
32109,4291,MLF1,7125,7533,GRCh38,ENST00000355893.11,1,ENSP00000348157,NM_022443.5,,6365,32109
12988,5879,RAC1,9801,10276,GRCh38,ENST00000356142.4,1,ENSP00000348461.4,NM_018890.3,,8670,12988
911,4763,NF1,7765,8222,GRCh38,ENST00000356175.7,1,ENSP00000348498.3,NM_000267.3,,6947,911
2702,5058,PAK1,8590,8733,GRCh38,ENST00000356341.8,1,ENSP00000348696.4,NM_002576.4,,7371,2702
22907,5789,PTPRD,9668,10133,GRCh38,ENST00000356435.9,1,ENSP00000348812,NM_002839.3,,8547,22907
33440,8351,H3C4,4767,14223,GRCh38,ENST00000356476.3,1,ENSP00000366999.2,NM_003530.4,,11971,33440
5912,151987,PPP4R2,18296,42264,GRCh38,ENST00000356692.10,1,ENSP00000349124.5,NM_174907.2,,36122,5912
23847,84870,RSPO3,20866,36350,GRCh38,ENST00000356698.9,1,ENSP00000349131.4,NM_032784.5,,30970,23847
14512,85236,H2BC12,13954,36626,GRCh38,ENST00000356950.2,1,ENSP00000349430.2,NM_080593.2,,31205,14512
36747,64919,BCL11B,13222,32148,GRCh38,ENST00000357195.8,1,ENSP00000349723.3,NM_138576.3,,27341,36747
21328,253260,RICTOR,28611,44995,GRCh38,ENST00000357387.8,1,ENSP00000349959.3,NM_152756.3,,38548,21328
41018,10865,ARID5A,17361,19092,GRCh38,ENST00000357485.8,1,ENSP00000350078.3,NM_212481.1,,16024,41018
6605,3077,HFE,4886,5418,GRCh38,ENST00000357618.10,1,ENSP00000417404.1,NM_000410,,4563,6605
17942,25913,POT1,17284,22050,GRCh38,ENST00000357628.8,1,ENSP00000350249.3,NM_015450.2,,18503,17942
41134,672,BRCA1,1100,1231,GRCh38,ENST00000357654.9,1,ENSP00000350283.3,NM_007294.3,,1045,41134
41499,257194,NEGR1,17302,45451,GRCh38,ENST00000357731.10,1,ENSP00000350364.4,NM_173808.2,,38938,41499
42164,2005,ELK4,3326,3605,GRCh38,ENST00000357992.9,1,ENSP00000350681.4,NM_001973,,3049,42164
11390,5079,PAX5,8619,8771,GRCh38,ENST00000358127.9,1,ENSP00000350844.4,NM_016734.2,,7401,11390
2882,2050,EPHB4,3395,3699,GRCh38,ENST00000358173.8,1,ENSP00000350896.3,NM_004444,,3129,2882
33093,6714,SRC,11283,11902,GRCh38,ENST00000358208.9,1,ENSP00000350941,NM_198291.2,,10023,33093
389,6775,STAT4,11365,12020,GRCh38,ENST00000358470.8,1,ENSP00000351255,NM_001243835,,10125,389
27473,841,CASP8,1509,1563,GRCh38,ENST00000358485.8,1,ENSP00000351273.4,NM_001080125.1,,1322,27473
8029,2263,FGFR2,3689,4090,GRCh38,ENST00000358487.10,1,ENSP00000351276.6,NM_000141.4,,3451,8029
28538,5893,RAD52,9824,10307,GRCh38,ENST00000358495.8,1,ENSP00000351284.3,NM_134424.2,,8696,28538
2018,5573,PRKAR1A,9388,9723,GRCh38,ENST00000358598.6,1,ENSP00000351410,NM_212471.2,,8192,2018
14413,4149,MAX,6913,7295,GRCh38,ENST00000358664.9,1,ENSP00000351490.4,NM_002382.4,,6177,14413
3182,2213,FCGR2B,3618,3988,GRCh38,ENST00000358671.10,1,ENSP00000351497.5,NM_001394477.1,,3367,3182
7054,8329,H2AC13,4725,14182,GRCh38,ENST00000358739.5,1,ENSP00000351589.3,,,11934,7054
7,5980,REV3L,9968,10479,GRCh38,ENST00000358835.7,1,ENSP00000351697,NM_002912,,8842,7
41118,57820,CCNB1IP1,19437,31035,GRCh38,ENST00000358932.9,1,ENSP00000351810.4,NM_021178.5,,26399,41118
33903,8969,H2AC11,4737,15353,GRCh38,ENST00000359193.4,1,ENSP00000352119.2,NM_021064.5,,12936,33903
39807,5294,PIK3CG,8978,9184,GRCh38,ENST00000359195.3,1,ENSP00000352121,NM_002649.2,,7746,39807
33445,8356,H3C12,4774,14234,GRCh38,ENST00000359303.4,1,ENSP00000352252.3,NM_003535.2,,11981,33445
5403,7516,XRCC2,12829,13370,GRCh38,ENST00000359321.2,1,ENSP00000352271.1,NM_005431.1,,11258,5403
12661,8021,NUP214,8064,13931,GRCh38,ENST00000359428.10,1,ENSP00000352400.5,NM_005085,,11711,12661
25041,29086,BABAM1,25008,24870,GRCh38,ENST00000359435.8,1,ENSP00000352408,NM_001033549.1,,21117,25041
22536,8336,H2AC17,4735,14197,GRCh38,ENST00000359611.4,1,ENSP00000352627.3,NM_003514,,11947,22536
2700,1999,ELF3,3318,3591,GRCh38,ENST00000359651.7,1,ENSP00000352673,NM_004433.4,,3037,2700
37425,6427,SRSF2,10783,11295,GRCh38,ENST00000359995.10,1,ENSP00000353089.5,NM_003016.4,,9522,37425
23335,51750,RTEL1,15888,26675,GRCh38,ENST00000360203.11,1,ENSP00000353332.5,NM_001283009.2,,22670,23335
28913,25937,WWTR1,24042,22087,GRCh38,ENST00000360632.8,1,ENSP00000353847.3,NM_001168280.1,,18537,28913
35735,6663,SOX10,11190,11794,GRCh38,ENST00000360880.6,1,ENSP00000354130,NM_006941,,9939,35735
15315,23085,ERC1,17072,20531,GRCh38,ENST00000360905.9,1,ENSP00000354158.3,NM_178040,,17236,15315
12730,219972,MPEG1,29619,44368,GRCh38,ENST00000361050.4,1,ENSP00000354335.3,NM_001039396.1,,37987,12730
394,6772,STAT1,11362,12012,GRCh38,ENST00000361099.8,1,ENSP00000354394.4,NM_007315.3,,10119,394
17005,7150,TOP1,11986,12781,GRCh38,ENST00000361337.3,1,ENSP00000354522.2,NM_003286.2,,10762,17005
28816,9646,CTR9,16850,16581,GRCh38,ENST00000361367.7,1,ENSP00000355013.2,NM_014633.4,,13970,28816
28781,2475,MTOR,3942,4275,GRCh38,ENST00000361445.9,1,ENSP00000354558.4,NM_004958.3,,3604,28781
31213,10724,OGA,7056,18807,GRCh38,ENST00000361464.8,1,ENSP00000354850.3,NM_012215.5,,15793,31213
15108,9846,GAB2,14458,17032,GRCh38,ENST00000361507.5,1,ENSP00000354952.4,NM_080491.2,,14324,15108
20395,2913,GRM3,4595,5106,GRCh38,ENST00000361669.7,1,ENSP00000355316.2,NM_000840,,4286,20395
12632,9444,QKI,21100,16192,GRCh38,ENST00000361752.8,1,ENSP00000355094.3,NM_006775,,13647,12632
6921,9126,SMC3,2468,15634,GRCh38,ENST00000361804.5,1,ENSP00000354720.5,NM_005445.3,,13164,6921
34430,2271,FH,3700,4105,GRCh38,ENST00000366560.4,1,ENSP00000355518.4,NM_000143.3,,3461,34430
15486,84451,MAP3K21,29798,35892,GRCh38,ENST00000366624.8,1,ENSP00000355583.3,NM_032435,,30583,15486
14012,8290,H3-4,4778,14123,GRCh38,ENST00000366696.2,1,ENSP00000355657.2,NM_003493.2,,11883,14012
6185,142,PARP1,270,277,GRCh38,ENST00000366794.10,1,ENSP00000355759.5,NM_001618.3,,224,6185
11268,3020,H3-3A,4764,5312,GRCh38,ENST00000366815.10,1,ENSP00000355780.3,NM_002107.4,,4469,11268
21372,11116,CEP43,17012,19589,GRCh38,ENST00000366847.9,1,ENSP00000355812.3,NM_007045.4,,16449,21372
11392,5071,PRKN,8607,8753,GRCh38,ENST00000366898.6,1,ENSP00000355865.1,NM_004562.2,,7387,11392
22899,5784,PTPN14,9647,10120,GRCh38,ENST00000366956.10,1,ENSP00000355923.4,NM_005401,,8538,22899
11286,4194,MDM4,6974,7382,GRCh38,ENST00000367182.8,1,ENSP00000356150.3,NM_002393.4,,6243,11286
24293,5287,PIK3C2B,8972,9165,GRCh38,ENST00000367187.7,1,ENSP00000356155,NM_002646,,7732,24293
32483,79577,CDC73,16783,32949,GRCh38,ENST00000367435.5,1,ENSP00000356405.4,NM_024529.4,,28041,32483
18791,64326,COP1,17440,31776,GRCh38,ENST00000367669.8,1,ENSP00000356641.3,NM_022457.5,,27019,18791
4497,345930,ECT2L,21118,48467,GRCh38,ENST00000367682.6,1,ENSP00000356655,NM_001077706.2,,41730,4497
1373,3459,IFNGR1,5439,6064,GRCh38,ENST00000367739.9,1,ENSP00000356713.5,NM_000416.2,,5119,1373
21652,4602,MYB,7545,7900,GRCh38,ENST00000367814.8,1,ENSP00000356788,NM_005375,,6681,21652
36122,4921,DDR2,2731,8516,GRCh38,ENST00000367921.8,1,ENSP00000356898.3,NM_006182.2,,7187,36122
24806,6391,SDHC,10682,11234,GRCh38,ENST00000367975.7,1,ENSP00000356953.3,NM_003001.3,,9472,24806
12629,9447,AIM2,357,16198,GRCh38,ENST00000368130.9,1,ENSP00000357112.4,NM_004833.3,,13653,12629
23264,4000,LMNA,6636,7019,GRCh38,ENST00000368300.9,1,ENSP00000357283.4,NM_170707,,5940,23264
5180,6016,RIT1,10023,10562,GRCh38,ENST00000368323.8,1,ENSP00000357306.3,NM_006912.5,,8912,5180
26279,103,ADAR,225,192,GRCh38,ENST00000368474.9,1,ENSP00000357459.4,NM_001111.5,,160,26279
6704,6098,ROS1,10261,10681,GRCh38,ENST00000368508.7,1,ENSP00000357494,NM_002944.2,,9016,6704
15905,7170,TPM3,12012,12825,GRCh38,ENST00000368530.7,1,ENSP00000357516,NM_152263.4,,10796,15905
5684,4288,MKI67,7107,7527,GRCh38,ENST00000368654.8,1,ENSP00000357643.3,NM_002417,,6361,5684
5427,8838,CCN6,12771,15134,GRCh38,ENST00000368666.7,1,ENSP00000357655.4,NM_198239.1,,12757,5427
32393,2534,FYN,4037,4369,GRCh38,ENST00000368678.8,1,ENSP00000357667.4,NM_153047.3,,3685,32393
19138,4170,MCL1,6943,7339,GRCh38,ENST00000369026.3,1,ENSP00000358022.2,NM_021960.4,,6209,19138
39041,9474,ATG5,589,16251,GRCh38,ENST00000369076.8,1,ENSP00000358072.3,NM_004849.4,,13697,39041
19460,639,PRDM1,9346,1154,GRCh38,ENST00000369096.9,1,ENSP00000358092.4,NM_001198.3,,981,19460
3753,126961,H3C14,20503,39686,GRCh38,ENST00000369158.2,1,ENSP00000358154.1,NM_021059.2,,33861,3753
33446,8357,H3C10,4775,14237,GRCh38,ENST00000369163.4,1,ENSP00000358160.2,NM_003536.2,,11983,33446
18418,2045,EPHA7,3390,3687,GRCh38,ENST00000369303.9,1,ENSP00000358309.4,NM_004440.3,,3119,18418
14358,6885,MAP3K7,6859,12225,GRCh38,ENST00000369329.8,1,ENSP00000358335.3,NM_145331,,10298,14358
25261,440926,H3P6,42980,53163,GRCh38,ENST00000369387.4,1,,,,46215,25261
25205,3283,HSD3B1,5217,5813,GRCh38,ENST00000369413.8,1,ENSP00000358421.3,NM_000862,,4901,25205
4789,54855,TENT5C,24712,27610,GRCh38,ENST00000369448.4,1,ENSP00000358458.3,NM_017709.3,,23483,4789
511,8036,SHOC2,15454,13949,GRCh38,ENST00000369452.9,1,ENSP00000358464.5,NM_007373.3,,11727,511
34367,79679,VTCN1,28873,33132,GRCh38,ENST00000369458.8,1,ENSP00000358470.3,NM_024626.3,,28197,34367
21097,965,CD58,1688,1788,GRCh38,ENST00000369489.10,1,ENSP00000358501.5,NM_001779.2,,1516,21097
17611,4893,NRAS,7989,8460,GRCh38,ENST00000369535.5,1,ENSP00000358548.4,NM_002524.4,,7143,17611
1236,23036,ZNF292,18410,20443,GRCh38,ENST00000369577.8,1,ENSP00000358590.3,NM_015021.3,,17162,1236
12630,9446,GSTO1,13312,16196,GRCh38,ENST00000369713.10,1,ENSP00000358727.5,NM_004832.3,,13651,12630
34712,537,ATP6AP1,868,988,GRCh38,ENST00000369762.7,1,ENSP00000358777.2,NM_001183.5,,835,34712
38017,64783,RBM15,14959,32030,GRCh38,ENST00000369784.9,1,ENSP00000358799.3,NM_022768.4,,27242,38017
24764,51684,SUFU,16466,26591,GRCh38,ENST00000369902.8,1,ENSP00000358918.4,NM_016169.3,,22602,24764
8630,1806,DPYD,3012,3273,GRCh38,ENST00000370192.8,1,ENSP00000359211.3,NM_000110,,2769,8630
34169,3195,TLX1,5056,5665,GRCh38,ENST00000370196.11,1,ENSP00000359215.6,NM_005521.3,,4773,34169
2415,6125,RPL5,10360,10709,GRCh38,ENST00000370321.8,1,ENSP00000359345.2,NM_000969,,9042,2415
11634,8880,FUBP1,4004,15218,GRCh38,ENST00000370768.7,1,ENSP00000359804.2,NM_003902.3,,12826,11634
37700,2719,GPC3,4451,4708,GRCh38,ENST00000370818.8,1,ENSP00000359854.3,NM_004484,,3962,37700
6526,2778,GNAS,4392,4801,GRCh38,ENST00000371085.8,1,ENSP00000360126.3,NM_000516.4,,4044,6526
6937,6594,SMARCA1,11097,11641,GRCh38,ENST00000371122.8,1,ENSP00000360163,NM_003069,,9806,6937
12467,4068,SH2D1A,10820,7140,GRCh38,ENST00000371139.9,1,ENSP00000360181.5,NM_002351.4,,6045,12467
9752,3725,JUN,6204,6520,GRCh38,ENST00000371222.4,1,ENSP00000360266.2,NM_002228.3,,5510,9752
38849,4070,TACSTD2,11530,7144,GRCh38,ENST00000371225.4,1,ENSP00000360269.2,NM_002353.3,,6049,38849
19211,7319,UBE2A,12472,13031,GRCh38,ENST00000371558.7,1,ENSP00000360613.2,NM_003336,,10972,19211
41341,5770,PTPN1,9642,10096,GRCh38,ENST00000371621.5,1,ENSP00000360683.3,NM_001278618.1,,8518,41341
11523,1289,COL5A1,2209,2348,GRCh38,ENST00000371817.8,1,ENSP00000360882.3,NM_000093.5,,1989,11523
10011,7410,VAV2,12658,13193,GRCh38,ENST00000371850.8,1,ENSP00000360916.3,NM_001134398.1,,11112,10011
500,5728,PTEN,9588,10023,GRCh38,ENST00000371953.8,1,ENSP00000361021.3,NM_000314.4,,8454,500
4301,8438,RAD54L,9826,14359,GRCh38,ENST00000371975.9,1,ENSP00000361043.4,NM_001142548.1,,12093,4301
31116,8202,NCOA3,7670,14052,GRCh38,ENST00000371998.8,1,ENSP00000361066.3,NM_181659.2,,11820,31116
18573,657,BMPR1A,1076,1190,GRCh38,ENST00000372037.8,1,ENSP00000361107.2,NM_004329.2,,1015,18573
7919,5429,POLH,9181,9424,GRCh38,ENST00000372236.9,1,ENSP00000361310.4,NM_006502.3,,7949,7919
13853,4352,MPL,7217,7644,GRCh38,ENST00000372470.9,1,ENSP00000361548.3,NM_005373.2,,6456,13853
32709,6418,SET,10760,11278,GRCh38,ENST00000372692.8,1,ENSP00000361777,NM_001122821,,9506,32709
30679,896,CCND3,1585,1652,GRCh38,ENST00000372991.9,1,ENSP00000362082.5,NM_001760.3,,1392,30679
24435,64121,RRAGC,19902,31645,GRCh38,ENST00000373001.4,1,ENSP00000362092.3,NM_022157.3,,26913,24435
1233,1441,CSF3R,2439,2647,GRCh38,ENST00000373106.6,1,ENSP00000362198.2,,,2243,1233
24318,83931,STK40,21373,35285,GRCh38,ENST00000373129.7,1,ENSP00000362221,NM_032017.1,,30065,24318
16611,11122,PTPRT,9682,19602,GRCh38,ENST00000373198.8,1,ENSP00000362294.4,NM_133170.3,,16459,16611
21985,26523,AGO1,3262,22709,GRCh38,ENST00000373204.6,1,ENSP00000362300.4,NM_012199.2,,19079,21985
9492,5690,PSMB2,9539,9942,GRCh38,ENST00000373237.4,1,ENSP00000362334.3,NM_002794,,8384,9492
5242,5335,PLCG1,9065,9274,GRCh38,ENST00000373271.5,1,ENSP00000362368,NM_182811.1,,7820,5242
38196,9935,MAFB,6408,17222,GRCh38,ENST00000373313.3,1,ENSP00000362410.2,NM_005461.4,,14485,38196
8351,546,ATRX,886,1006,GRCh38,ENST00000373344.11,1,ENSP00000362441.4,NM_000489.3,,853,8351
39809,5292,PIM1,8986,9179,GRCh38,ENST00000373509.6,1,ENSP00000362608.5,NM_002648.3,,7742,39809
23798,5537,PPP6C,9323,9647,GRCh38,ENST00000373547.9,1,ENSP00000362648.4,NM_002721.4,,8134,23798
33000,3065,HDAC1,4852,5396,GRCh38,ENST00000373548.8,1,ENSP00000362649.3,NM_004964.2,,4543,33000
14716,80312,TET1,29484,34042,GRCh38,ENST00000373644.5,1,ENSP00000362748.4,NM_030625.2,,28974,14716
24578,8473,OGT,8127,14424,GRCh38,ENST00000373719.8,1,ENSP00000362824.3,NM_181672.3,,12149,24578
3707,11064,CNTRL,1858,19489,GRCh38,ENST00000373855.7,1,ENSP00000362962.1,NM_007018.6,,16369,3707
2863,26147,PHF19,24566,22404,GRCh38,ENST00000373896.8,1,ENSP00000363003.3,NM_015651,,18811,2863
28249,22943,DKK1,2891,20284,GRCh38,ENST00000373970.4,1,ENSP00000363081.3,NM_012242.2,,17035,28249
18679,29974,A1CF,24086,25195,GRCh38,ENST00000373993.6,1,ENSP00000363105,,,21396,18679
31955,9968,MED12,11957,17283,GRCh38,ENST00000374080.8,1,ENSP00000363193.3,NM_005120.2,,14543,31955
26436,240,ALOX5,435,453,GRCh38,ENST00000374391.7,1,ENSP00000363512.2,NM_000698.5,,375,26436
17896,3399,ID3,5362,5978,GRCh38,ENST00000374561.6,1,ENSP00000363689.5,NM_002167.4,,5043,17896
18199,9314,KLF4,6348,15946,GRCh38,ENST00000374672.5,1,ENSP00000363804.4,NM_004235.4,,13432,18199
18724,367,AR,644,697,GRCh38,ENST00000374690.9,1,ENSP00000363822.3,NM_000044.3,,583,18724
40868,6046,BRD2,1103,10605,GRCh38,ENST00000374825.9,1,ENSP00000363958.4,NM_005104.4,,8950,40868
4551,139285,AMER1,26837,40739,GRCh38,ENST00000374869.8,1,ENSP00000364003.4,NM_152424.3,,34787,4551
40738,6891,TAP2,44,12237,GRCh38,ENST00000374897.4,1,ENSP00000364032.3,NM_001290043.2,,10308,40738
24333,7046,TGFBR1,11772,12556,GRCh38,ENST00000374994.9,1,ENSP00000364133.4,NM_004612.2,,10576,24333
42167,4855,NOTCH4,7884,8390,GRCh38,ENST00000375023.3,1,ENSP00000364163.3,NM_004557.3,,7081,42167
23255,7507,XPA,12814,13358,GRCh38,ENST00000375128.5,1,ENSP00000364270.5,NM_000380,,11246,23255
16218,8859,WHR1,11398,15179,GRCh38,ENST00000375331.7,1,ENSP00000364480.3,NM_004197.1,,12794,16218
9441,8242,KDM5C,11114,14093,GRCh38,ENST00000375401.8,1,ENSP00000364550.4,NM_004187.3,,11854,9441
40116,8451,CUL4A,2554,14385,GRCh38,ENST00000375440.9,1,ENSP00000364589.4,NM_001008895,,12117,40116
24805,6390,SDHB,10681,11232,GRCh38,ENST00000375499.8,1,ENSP00000364649.3,NM_003000.2,,9470,24805
24804,6392,SDHD,10683,11236,GRCh38,ENST00000375549.8,1,ENSP00000364699.3,NM_003002.3,,9474,24804
20226,171023,ASXL1,18318,43507,GRCh38,ENST00000375687.10,1,ENSP00000364839.4,NM_015338.5,,37218,20226
20563,6850,SYK,11491,12153,GRCh38,ENST00000375746.1,1,ENSP00000364898,NM_003177.5,,10237,20563
32498,23013,SPEN,17575,20394,GRCh38,ENST00000375759.8,1,ENSP00000364912.3,NM_015001.2,,17122,32498
2252,3621,ING1,6062,6329,GRCh38,ENST00000375774.3,1,ENSP00000364929,NM_005537,,5346,2252
3710,8660,IRS2,6126,14792,GRCh38,ENST00000375856.5,1,ENSP00000365016.3,NM_003749.2,,12464,3710
40322,22852,ANKRD26,29186,20104,GRCh38,ENST00000376087.5,1,ENSP00000365255.4,NM_014915.3,,16883,40322
17894,3397,ID1,5360,5973,GRCh38,ENST00000376112.4,1,ENSP00000365280.3,NM_002165,,5039,17894
23511,2259,FGF14,3671,4077,GRCh38,ENST00000376143.5,1,ENSP00000365313.4,NM_004115,,3443,23511
9236,3107,HLA-C,4933,5470,GRCh38,ENST00000376228.10,1,ENSP00000365402.5,NM_002117.5,,4607,9236
2313,9656,MDC1,21163,16605,GRCh38,ENST00000376406.8,1,ENSP00000365588.3,NM_014641.2,,13990,2313
15459,7088,TLE1,11837,12644,GRCh38,ENST00000376499.8,1,ENSP00000365682.3,NM_001303103.1,,10648,15459
18081,7091,TLE4,11840,12651,GRCh38,ENST00000376552.8,1,ENSP00000365735.2,NM_007005.4,,10654,18081
39790,4524,MTHFR,7436,7771,GRCh38,ENST00000376590.9,1,ENSP00000365775.3,NM_005957.5,,6564,39790
19961,2623,GATA1,4170,4520,GRCh38,ENST00000376670.9,1,ENSP00000365858.3,NM_002049.3,,3806,19961
9234,3105,HLA-A,4931,5465,GRCh38,ENST00000376809.10,1,ENSP00000366005.5,NM_001242758.1,,4602,9234
11349,6756,SSX1,11335,11987,GRCh38,ENST00000376919.4,1,ENSP00000366118.3,NM_005635.4,,10097,11349
28617,369,ARAF,646,701,GRCh38,ENST00000377045.9,1,ENSP00000366244.4,NM_001654.4,,587,28617
10,5987,TRIM27,9975,10495,GRCh38,ENST00000377199.4,1,ENSP00000366404.3,NM_006510,,8856,10
39810,5293,PIK3CD,8977,9181,GRCh38,ENST00000377346.9,1,ENSP00000366563.4,NM_005026.3,,7744,39810
21908,54206,ERRFI1,18185,27013,GRCh38,ENST00000377482.10,1,ENSP00000366702.5,NM_018948.3,,22969,21908
9444,8241,RBM10,9896,14090,GRCh38,ENST00000377604.8,1,ENSP00000366829.3,,,11852,9444
5479,688,KLF5,6349,1264,GRCh38,ENST00000377687.6,1,ENSP00000366915.4,NM_001730.4,,1071,5479
20018,22894,DIS3,20604,20195,GRCh38,ENST00000377767.9,1,ENSP00000366997.4,NM_014953.3,,16955,20018
36470,7403,KDM6A,12637,13178,GRCh38,ENST00000377967.9,1,ENSP00000367203,NM_021140.2,,11098,36470
36127,2131,EXT1,3512,3831,GRCh38,ENST00000378204.7,1,ENSP00000367446.3,NM_000127,,3237,36127
8085,54880,BCOR,20893,27662,GRCh38,ENST00000378444.9,1,ENSP00000367705.4,NM_001123385.1,,23529,8085
23544,2782,GNB1,4396,4812,GRCh38,ENST00000378609.9,1,ENSP00000367872.3,NM_001282539.1,,4052,23544
22053,65220,NADK,29831,84609,GRCh38,ENST00000378625.5,1,ENSP00000367890.1,,NULL,27453,22053
11166,2189,FANCG,3588,3937,GRCh38,ENST00000378643.8,1,ENSP00000367910.4,NM_004629,,3325,11166
38905,10111,RAD50,9816,17581,GRCh38,ENST00000378823.8,1,ENSP00000368100.4,NM_005732.3,,14783,38905
15418,138715,ARID3C,21209,40675,GRCh38,ENST00000378909.4,1,ENSP00000368189.2,NM_001017363.1,,34729,15418
31760,2308,FOXO1,3819,4178,GRCh38,ENST00000379561.6,1,ENSP00000368880.4,NM_002015.3,,3522,31760
29195,1964,EIF1AX,3250,3522,GRCh38,ENST00000379607.10,1,ENSP00000368927.5,NM_001412.3,,2983,29195
16771,9577,BABAM2,1106,16444,GRCh38,ENST00000379624.6,1,ENSP00000368945.1,NM_199191.3,,13861,16771
9581,54809,SAMD9,1348,27511,GRCh38,ENST00000379958.3,1,ENSP00000369292.2,NM_017654.4,,23406,9581
40563,54790,TET2,25941,27477,GRCh38,ENST00000380013.9,1,ENSP00000369351.4,NM_001127208.2,,23378,40563
19579,7010,TEK,11724,12485,GRCh38,ENST00000380036.10,1,ENSP00000369375.4,NM_000459.3,,10510,19579
32458,675,BRCA2,1101,1238,GRCh38,ENST00000380152.8,1,ENSP00000369497.3,NM_000059.3,,1049,32458
26433,247,ALOX15B,434,466,GRCh38,ENST00000380183.9,1,ENSP00000369530.4,NM_001141.3,,387,26433
20035,4300,MLLT3,7136,7556,GRCh38,ENST00000380338.9,1,ENSP00000369695.4,NM_004529,,6383,20035
36984,1280,COL2A1,2200,2329,GRCh38,ENST00000380518.8,1,ENSP00000369889.3,NM_001844,,1973,36984
29209,2874,GPS2,4550,5014,GRCh38,ENST00000380728.7,1,ENSP00000370104.2,NM_004489.4,,4214,29209
39326,5520,PPP2R2A,9304,9603,GRCh38,ENST00000380737.8,1,ENSP00000370113.3,NM_002717.3,,8100,39326
12971,5884,RAD17,9807,10286,GRCh38,ENST00000380774.7,1,ENSP00000370151,NM_133339,,8678,12971
2891,4824,NKX3-1,7838,8327,GRCh38,ENST00000380871.5,1,ENSP00000370253.4,NM_006167.3,,7031,2891
22575,3662,IRF4,6119,6402,GRCh38,ENST00000380956.9,1,ENSP00000370343.4,NM_002460.3,,5408,22575
13773,348654,GEN1,26881,48714,GRCh38,ENST00000381254.7,1,ENSP00000370653.2,NM_001130009.3,,41958,13773
31397,286530,P2RY8,15524,47097,GRCh38,ENST00000381297.10,1,ENSP00000370697.4,NM_178129.4,,40444,31397
10326,3572,IL6ST,6021,6236,GRCh38,ENST00000381298.7,1,ENSP00000370698.2,,,5268,10326
31973,105,ADARB2,227,198,GRCh38,ENST00000381312.6,1,ENSP00000370713.1,NM_018702.4,,164,31973
30114,1024,CDK8,1779,1911,GRCh38,ENST00000381527.8,1,ENSP00000370938.3,NM_001260.1,,1619,30114
10560,11178,LZTS1,13861,19729,GRCh38,ENST00000381569.5,1,ENSP00000370981.1,NM_021020.5,,16561,10560
21553,29126,CD274,17635,24949,GRCh38,ENST00000381577.4,1,ENSP00000370989.3,NM_014143.3,,21189,21553
4973,3717,JAK2,6192,6514,GRCh38,ENST00000381652.4,1,ENSP00000371067.4,NM_004972.3,,5504,4973
37926,7158,TP53BP1,11999,12795,GRCh38,ENST00000382044.9,1,ENSP00000371475.5,NM_001141980.1,,10774,37926
23516,2254,FGF9,3687,4064,GRCh38,ENST00000382353.6,1,ENSP00000371790.5,NM_002010,,3433,23516
21989,26524,LATS2,6515,22711,GRCh38,ENST00000382592.5,1,ENSP00000372035.4,NM_014572.2,,19081,21989
5309,7468,NSD2,12766,13299,GRCh38,ENST00000382891.9,1,ENSP00000372347,NM_001042424.2,,11194,5309
9588,10274,STAG1,11354,17942,GRCh38,ENST00000383202.7,1,ENSP00000372689.2,NM_005862.2,,15069,9588
21829,238,ALK,427,449,GRCh38,ENST00000389048.8,1,ENSP00000373700.3,NM_004304.4,,371,21829
14305,2175,FANCA,3582,3903,GRCh38,ENST00000389301.8,1,ENSP00000373952.3,NM_000135.2,,3301,14305
13251,53353,LRP1B,6693,26757,GRCh38,ENST00000389484.8,1,ENSP00000374135.3,NM_018557,,22744,13251
5001,57634,EP400,11958,30828,GRCh38,ENST00000389561.7,1,ENSP00000374212.2,NM_015409.3,,26220,5001
36712,8878,SQSTM1,11280,15214,GRCh38,ENST00000389805.9,1,ENSP00000374455.4,NM_003900,,12822,36712
18900,79605,PGBD5,19405,32990,GRCh38,ENST00000391860.7,1,ENSP00000375733.2,,,28075,18900
7701,2068,ERCC2,3434,3733,GRCh38,ENST00000391945.10,1,ENSP00000375809.4,NM_000400.3,,3161,7701
6336,208,AKT2,392,395,GRCh38,ENST00000392038.7,1,ENSP00000375892.2,NM_001626.4,,324,6336
10388,11262,SP140,17133,19881,GRCh38,ENST00000392045.8,1,ENSP00000375899.3,NM_007237.4,,16691,10388
22056,7187,TRAF3,12033,12862,GRCh38,ENST00000392745.8,1,ENSP00000376500.3,NM_003300.3,,10826,22056
12127,974,CD79B,1699,1812,GRCh38,ENST00000392795.7,1,ENSP00000376544.3,NM_001039933.1,,1534,12127
7227,23405,DICER1,17098,21174,GRCh38,ENST00000393063.6,1,ENSP00000376783.1,NM_177438.2,,17755,7227
35813,10018,BCL2L11,994,17384,GRCh38,ENST00000393256.8,1,ENSP00000376943.2,NM_138621.4,,14625,35813
38176,8301,PICALM,15514,14138,GRCh38,ENST00000393346.8,1,ENSP00000377015.3,NM_007166.4,,11894,38176
9255,4094,MAF,6776,7186,GRCh38,ENST00000393350.1,1,ENSP00000377019,NM_001031804.2,,6085,9255
22573,3660,IRF2,6117,6396,GRCh38,ENST00000393593.8,1,ENSP00000377218.3,NM_002199,,5404,22573
38397,868,CBLB,1542,1611,GRCh38,ENST00000394030.8,1,ENSP00000377598.4,NM_170662.5,,1358,38397
25011,10797,MTHFD2,7434,18960,GRCh38,ENST00000394053.7,1,ENSP00000377617.2,NM_006636,,15909,25011
10277,139378,ADGRG4,18992,40753,GRCh38,ENST00000394143.6,1,ENSP00000377699.1,NM_153834.4,,34799,10277
6428,1106,CHD2,1917,2061,GRCh38,ENST00000394196.9,1,ENSP00000377747.4,NM_001271,,1753,6428
5678,4286,MITF,7105,7521,GRCh38,ENST00000394351.9,1,ENSP00000377880.3,NM_000248.4,,6357,5678
3917,55193,PBRM1,30064,28259,GRCh38,ENST00000394830.7,1,ENSP00000378307.3,NM_018313.4,,24047,3917
27109,6602,SMARCD1,11106,11662,GRCh38,ENST00000394963.9,1,ENSP00000378414.4,NM_003076.4,,9821,27109
12587,51343,FZR1,24824,26164,GRCh38,ENST00000395095.7,1,ENSP00000378529,NM_001136198,,22230,12587
31706,8013,NR4A3,7982,13927,GRCh38,ENST00000395097.7,1,ENSP00000378531.2,NM_006981.3,,11707,31706
23267,4005,LMO2,6642,7028,GRCh38,ENST00000395833.7,1,ENSP00000379175,NM_001142315.1,,5946,23267
16499,4773,NFATC2,7776,8234,GRCh38,ENST00000396009.7,1,ENSP00000379330,NM_173091.4,,6957,16499
20514,2120,ETV6,3495,3809,GRCh38,ENST00000396373.9,1,ENSP00000379658.3,NM_001987.4,,3221,20514
11666,1588,CYP19A1,2594,2908,GRCh38,ENST00000396402.6,1,ENSP00000379683.1,NM_000103.4,,2469,11666
5274,137872,ADHFE1,16354,40610,GRCh38,ENST00000396623.8,1,ENSP00000379865.3,NM_144650,,34676,5274
4618,84433,CARD11,16393,35858,GRCh38,ENST00000396946.9,1,ENSP00000380150.4,NM_032415.4,,30553,4618
11904,4780,NFE2L2,7782,8250,GRCh38,ENST00000397062.8,1,ENSP00000380252.3,NM_006164.4,,6969,11904
6164,4610,MYCL,7555,7921,GRCh38,ENST00000397332.3,1,ENSP00000380494.2,NM_001033082.2,,6697,6164
630,80380,PDCD1LG2,18731,34123,GRCh38,ENST00000397747.5,1,ENSP00000380855.3,NM_025239.3,,29042,630
22683,4233,MET,7029,7440,GRCh38,ENST00000397752.8,1,ENSP00000380860.3,NM_000245.2,,6293,22683
9291,23365,ARHGEF12,14193,21094,GRCh38,ENST00000397843.7,1,ENSP00000380942.2,NM_015313,,17691,9291
36126,2130,EWSR1,3508,3829,GRCh38,ENST00000397938.7,1,ENSP00000381031.2,NM_005243.3,,3235,36126
3777,10818,FRS2,16971,19007,GRCh38,ENST00000397997.6,1,ENSP00000381083,NM_001042555,,15947,3777
18416,2047,EPHB1,3392,3691,GRCh38,ENST00000398015.8,1,ENSP00000381097.3,NM_004441.4,,3123,18416
2484,54921,CHTF8,24353,27740,GRCh38,ENST00000398235.6,1,ENSP00000381290,NM_001039690,,23598,2484
23061,1540,CYLD,2584,2838,GRCh38,ENST00000398568.6,1,ENSP00000381574.2,NM_001042355.1,,2404,23061
17540,7113,TMPRSS2,11876,12702,GRCh38,ENST00000398585.7,1,ENSP00000381588.3,NM_001135099.1,,10698,17540
40580,2950,GSTP1,4638,5177,GRCh38,ENST00000398606.10,1,ENSP00000381607.3,NM_000852.4,,4346,40580
18249,84444,DOT1L,24948,35875,GRCh38,ENST00000398665.8,1,ENSP00000381657.3,NM_032482.2,,30569,18249
41811,4644,MYO5A,7602,7989,GRCh38,ENST00000399231.8,1,ENSP00000382177,NM_000259,,6753,41811
33572,4214,MAP3K1,6848,7414,GRCh38,ENST00000399503.4,1,ENSP00000382423.3,NM_005921.1,,6271,33572
29656,5927,KDM5A,9886,10383,GRCh38,ENST00000399788.7,1,ENSP00000382688.2,NM_001042603.1,,8760,29656
13549,64109,CRLF2,14281,31625,GRCh38,ENST00000400841.8,1,ENSP00000383641.3,,,26897,13549
5407,7514,XPO1,12825,13366,GRCh38,ENST00000401558.7,1,ENSP00000384863.2,NM_003400.3,,11254,5407
35087,55209,SETD5,25566,28298,GRCh38,ENST00000402198.7,1,ENSP00000385852.2,NM_001080517.2,,24078,35087
9334,6654,SOS1,11187,11774,GRCh38,ENST00000402219.8,1,ENSP00000384675.2,NM_005633.3,,9921,9334
21917,8115,TCL1A,11648,14002,GRCh38,ENST00000402399.6,1,ENSP00000385036.1,NM_001098725.1,,11775,21917
20390,387893,KMT5A,29489,49854,GRCh38,ENST00000402868.8,1,ENSP00000384629.3,NM_020382.7,,43043,20390
37184,80204,FBXO11,13590,33932,GRCh38,ENST00000403359.8,1,ENSP00000384823.4,NM_001190274.1,,28874,37184
30210,8091,HMGA2,5009,13985,GRCh38,ENST00000403681.7,1,ENSP00000384026.2,NM_003483,,11761,30210
8159,333932,H3C15,20505,47405,GRCh38,ENST00000403683.2,1,ENSP00000385479.1,NM_001005464.2,,40745,8159
33261,11200,CHEK2,16627,19777,GRCh38,ENST00000404276.6,1,ENSP00000385747.1,NM_007194.3,,16601,33261
39627,3084,NRG1,7997,5431,GRCh38,ENST00000405005.8,1,ENSP00000384620.2,NM_013964.3,,4575,39627
25196,2115,ETV1,3490,3799,GRCh38,ENST00000405192.6,1,ENSP00000385381.2,NM_001163147.1,,3211,25196
24098,9612,NCOR2,7673,16508,GRCh38,ENST00000405201.6,1,ENSP00000384018.1,NM_006312.6,,13913,24098
42143,5970,RELA,9955,10460,GRCh38,ENST00000406246.8,1,ENSP00000384273.3,NM_021975.4,,8826,42143
20083,23308,ICOSLG,17087,20982,GRCh38,ENST00000407780.8,1,ENSP00000384432.3,NM_015259.4,,17601,20083
23569,54894,RNF43,18505,27692,GRCh38,ENST00000407977.7,1,ENSP00000385328.2,NM_017763.4,,23556,23569
33905,200424,TET3,28313,43861,GRCh38,ENST00000409262.8,1,ENSP00000386869.3,NM_144993,,37529,33905
27386,4796,TONSL,7801,8281,GRCh38,ENST00000409379.8,1,ENSP00000386239.3,NM_013432,,6993,27386
6633,29072,SETD2,18420,24848,GRCh38,ENST00000409792.4,1,ENSP00000386759.3,NM_014159.6,,21097,6633
17823,3631,INPP4A,6074,6351,GRCh38,ENST00000409851.8,1,ENSP00000386777.4,,,5364,17823
22905,5783,PTPN13,9646,10118,GRCh38,ENST00000411767.7,1,ENSP00000407249.2,NM_080683,,8536,22905
24188,25960,ADGRA2,17849,22124,GRCh38,ENST00000412232.3,1,ENSP00000406367.2,NM_032777,,18569,24188
9235,3106,HLA-B,4932,5468,GRCh38,ENST00000412585.7,1,ENSP00000399168.2,NM_005514.6,,4605,9235
38400,865,CBFB,1539,1604,GRCh38,ENST00000412916.7,1,ENSP00000415151.2,NM_022845.2,,1352,38400
31673,6760,SS18,11340,11997,GRCh38,ENST00000415083.7,1,ENSP00000414516.2,NM_001007559.2,,10105,31673
26618,387,RHOA,667,729,GRCh38,ENST00000418115.6,1,ENSP00000400175.1,NM_001664.2,,613,26618
271,9757,KMT2B,15840,16837,GRCh38,ENST00000420124.4,1,ENSP00000398837.2,NM_014727.3,,14170,271
30999,5081,PAX7,8621,8778,GRCh38,ENST00000420770.7,1,ENSP00000403389.2,NM_001135254,,7405,30999
9510,5965,RECQL,9948,10449,GRCh38,ENST00000421138.6,1,ENSP00000395449,NM_002907.3,,8816,9510
20985,10553,HTATIP2,16637,18492,GRCh38,ENST00000421577.6,1,ENSP00000397752,NM_001098521,,15527,20985
26658,57670,KIAA1549,22219,30887,GRCh38,ENST00000422774.2,1,ENSP00000416040.2,NM_001164665.2,,26271,26658
16996,7153,TOP2A,11989,12785,GRCh38,ENST00000423485.6,1,ENSP00000411532.1,NM_001067,,10766,16996
38231,3586,IL10,5962,6256,GRCh38,ENST00000423557.1,1,ENSP00000412237.1,NM_000572.2,,5288,38231
28518,6872,TAF1,11535,12193,GRCh38,ENST00000423759.6,1,ENSP00000406549.2,NM_004606.5,,10272,28518
7166,1967,EIF2B1,3257,3526,GRCh38,ENST00000424014.7,1,ENSP00000416250.2,NM_001414,,2987,7166
22893,100271849,MEF2B,6995,63283,GRCh38,ENST00000424583.7,1,ENSP00000402154.2,NM_001145785.1,,56164,22893
8030,2260,FGFR1,3688,4081,GRCh38,ENST00000425967.8,1,ENSP00000393312.4,NM_001174067.1,,3445,8030
18173,64283,ARHGEF28,30322,31755,GRCh38,ENST00000426542.6,1,ENSP00000412175,NM_001177693.1,,27001,18173
9661,51564,HDAC7,14067,26440,GRCh38,ENST00000427332.6,1,ENSP00000404394,XM_011538481.1,,22474,9661
15504,8218,CLTCL1,2093,14066,GRCh38,ENST00000427926.6,1,ENSP00000441158.1,NM_007098,,11832,15504
17031,5649,RELN,9957,9874,GRCh38,ENST00000428762.6,1,ENSP00000392423.1,NM_005045.3,,8324,17031
29868,2145,EZH1,3526,3851,GRCh38,ENST00000428826.7,1,ENSP00000404658.1,NM_001991.3,,3253,29868
32832,1111,CHEK1,1925,2074,GRCh38,ENST00000428830.6,1,ENSP00000412504,NM_001274.5,,1761,32832
27991,4050,LTB,6711,7099,GRCh38,ENST00000429299.3,1,ENSP00000410481.3,NM_002341.2,,6009,27991
13569,7849,PAX8,8622,13799,GRCh38,ENST00000429538.8,1,ENSP00000395498.3,,,11599,13569
6391,79718,TBL1XR1,29529,33203,GRCh38,ENST00000430069.5,1,ENSP00000405574,NM_024665.4,,28257,6391
2248,55709,KBTBD4,23761,29001,GRCh38,ENST00000430070.7,1,ENSP00000415106.2,,,24683,2248
24024,1385,CREB1,2345,2532,GRCh38,ENST00000432329.6,1,ENSP00000387699,NM_134442.3,,2145,24024
24286,5288,PIK3C2G,8973,9169,GRCh38,ENST00000433979.6,1,ENSP00000404845.1,NM_004570.4,,7734,24286
9131,3481,IGF2,5466,6092,GRCh38,ENST00000434045.6,1,ENSP00000391826.2,NM_001127598.1,,5141,9131
39743,55252,ASXL2,23805,28393,GRCh38,ENST00000435504.9,1,ENSP00000391447.3,NM_018263.4,,24154,39743
14485,7343,UBTF,12511,13081,GRCh38,ENST00000436088.6,1,ENSP00000390669.1,NM_014233.4,,11012,14485
21953,27244,SESN1,21595,23420,GRCh38,ENST00000436639.7,1,ENSP00000393762.2,NM_014454.2,,19714,21953
7195,4208,MEF2C,6996,7402,GRCh38,ENST00000437473.6,1,ENSP00000396219,NM_001193350,,6259,7195
8939,7812,CSDE1,29905,13771,GRCh38,ENST00000438362.7,1,ENSP00000407724.3,NM_001242891.1,,11577,8939
18793,64324,NSD1,14234,31774,GRCh38,ENST00000439151.7,1,ENSP00000395929.2,NM_022455.4,,27017,18793
22138,10672,GNA13,4381,18745,GRCh38,ENST00000439174.7,1,ENSP00000400717.2,NM_006572.5,,15739,22138
37713,9709,HERPUD1,13744,16723,GRCh38,ENST00000439977.7,1,ENSP00000409555.2,NM_014685.4,,14082,37713
14506,5424,POLD1,9175,9413,GRCh38,ENST00000440232.7,1,ENSP00000406046.1,NM_002691.3,,7939,14506
30122,1028,CDKN1C,1786,1920,GRCh38,ENST00000440480.8,1,ENSP00000411257.2,NM_001122630.2,,1627,30122
20762,2261,FGFR3,3690,4084,GRCh38,ENST00000440486.8,1,ENSP00000414914.2,NM_000142.5,,3447,20762
25415,5378,PMS1,9121,9365,GRCh38,ENST00000441310.7,1,ENSP00000406490.3,NM_000534.4,,7896,25415
26650,2195,FAT1,3595,3947,GRCh38,ENST00000441802.7,1,ENSP00000406229.2,NM_005245.3,,3335,26650
37187,23049,SMG1,30045,20470,GRCh38,ENST00000446231.7,1,ENSP00000402515.3,NM_015092.4,,17184,37187
30456,51755,CDK12,24224,26686,GRCh38,ENST00000447079.6,1,ENSP00000398880.4,NM_016507.2,,22678,30456
14232,27113,BBC3,17868,23251,GRCh38,ENST00000449228.5,1,ENSP00000404503,NM_001127240.2,,19568,14232
36377,4485,MST1,7380,7706,GRCh38,ENST00000449682.3,1,ENSP00000414287.2,NM_020998.3,,6504,36377
31540,7465,WEE1,12761,13293,GRCh38,ENST00000450114.7,1,ENSP00000402084.2,NM_003390.4,,11190,31540
14323,3265,HRAS,5173,5784,GRCh38,ENST00000451590.5,1,ENSP00000407586.1,NM_005343.2,,4877,14323
26456,7490,WT1,12796,13338,GRCh38,ENST00000452863.10,1,ENSP00000415516.5,NM_024426.4,,11230,26456
4979,3718,JAK3,6193,6516,GRCh38,ENST00000458235.7,1,ENSP00000391676.1,NM_000215.3,,5506,4979
11733,8314,BAP1,950,14152,GRCh38,ENST00000460680.6,1,ENSP00000417132.1,NM_004656.3,,11908,11733
6705,6091,ROBO1,10249,10661,GRCh38,ENST00000464233.6,1,ENSP00000420321.1,NM_002941.3,,9002,6705
30043,65980,BRD9,25818,32319,GRCh38,ENST00000467963.6,1,ENSP00000419765.1,NM_023924.5,,27489,30043
20516,2122,MECOM,3498,3816,GRCh38,ENST00000468789.5,1,ENSP00000419995,NM_001105078.3,,3225,20516
27846,26137,ZBTB20,13503,22394,GRCh38,ENST00000474710.6,1,ENSP00000419153,NM_001164342.2,,18801,27846
24093,23429,RYBP,10480,21214,GRCh38,ENST00000477973.5,1,ENSP00000419494.4,NM_012234.5,,17793,24093
38930,1654,DDX3X,2745,3045,GRCh38,ENST00000478993.5,1,ENSP00000478443.1,NM_001356.4,,2579,38930
984,6256,RXRA,10477,10964,GRCh38,ENST00000481739.2,1,ENSP00000419692.1,NM_002957.4,,9250,984
2918,5890,RAD51B,9822,10300,GRCh38,ENST00000487270.5,1,ENSP00000419471,NM_133509.3,,8690,2918
31272,64754,SMYD3,15513,31976,GRCh38,ENST00000490107.6,1,ENSP00000419184.2,NM_001167740.1,,27194,31272
32939,9480,ONECUT2,8139,16264,GRCh38,ENST00000491143.3,1,ENSP00000419185.2,NM_004852,,13709,32939
38259,2272,FHIT,3701,4107,GRCh38,ENST00000492590.6,1,ENSP00000418582.1,,,3463,38259
17679,54596,L1TD1,25595,27316,GRCh38,ENST00000498273.2,1,ENSP00000419901.1,NM_019079.5,,23236,17679
14530,1050,CEBPA,1833,1962,GRCh38,ENST00000498907.3,1,ENSP00000427514.1,NM_004364.3,,1663,14530
27754,27,ABL2,77,50,GRCh38,ENST00000502732.6,1,ENSP00000427562.1,NM_007314.3,,42,27754
39978,9353,SLIT2,11086,16017,GRCh38,ENST00000504154.6,1,ENSP00000422591.1,NM_004787,,13492,39978
19225,54514,DDX4,18700,27197,GRCh38,ENST00000505374.6,1,ENSP00000424838.1,NM_024415.2,,23128,19225
32999,3066,HDAC2,4853,5398,GRCh38,ENST00000519065.6,1,ENSP00000430432.1,NM_001527.3,,4545,32999
20596,6586,SLIT3,11087,11630,GRCh38,ENST00000519560.6,1,ENSP00000430333.2,NM_003062,,9798,20596
12462,4067,LYN,6735,7138,GRCh38,ENST00000519728.6,1,ENSP00000428924.1,NM_002350.3,,6043,12462
10251,51366,UBR5,16806,26190,GRCh38,ENST00000520539.6,1,ENSP00000429084.1,NM_015902.5,,22254,10251
39808,5295,PIK3R1,8979,9187,GRCh38,ENST00000521381.6,1,ENSP00000428056.1,NM_181523.2,,7748,39808
13987,6314,ATXN7,10560,84613,GRCh38,ENST00000522345.2,1,ENSP00000428067.2,,NULL,9342,13987
21653,4603,MYBL1,7547,7902,GRCh38,ENST00000522677.8,1,ENSP00000429633.2,NM_001080416,,6683,21653
20077,862,RUNX1T1,1535,84621,GRCh38,ENST00000523629.7,1,ENSP00000428543.1,NULL,NULL,1346,20077
25465,7422,VEGFA,12680,13219,GRCh38,ENST00000523873.5,1,ENSP00000430479,NM_001171623.1,,11132,25465
20523,4914,NTRK1,8031,8500,GRCh38,ENST00000524377.7,1,ENSP00000431418.1,NM_002529.3,,7175,20523
42089,84441,MAML2,16259,35870,GRCh38,ENST00000524717.6,1,ENSP00000434552.1,NM_032427.4,,30565,42089
22742,7297,TYK2,12440,12996,GRCh38,ENST00000525621.6,1,ENSP00000431885.1,,,10940,22742
37690,5452,POU2F2,9213,9480,GRCh38,ENST00000526816.6,1,ENSP00000431603,NM_001207025,,7994,37690
5349,2313,FLI1,3749,4190,GRCh38,ENST00000527786.7,1,ENSP00000433488.2,NM_002017.4,,3532,5349
26869,5049,PAFAH1B2,8575,8715,GRCh38,ENST00000527958.6,1,ENSP00000435289.1,NM_002572.4,,7357,26869
37276,56676,ASCL3,740,29782,GRCh38,ENST00000531618.2,1,ENSP00000435770.1,,,25345,37276
32107,4297,KMT2A,7132,7547,GRCh38,ENST00000534358.8,1,ENSP00000436786.2,NM_001197104.1,,6377,32107
5441,143686,SESN3,23060,41194,GRCh38,ENST00000536441.7,1,ENSP00000441927.1,NM_144665.3,,35188,5441
32413,930,CD19,1633,1717,GRCh38,ENST00000538922.8,1,ENSP00000437940.2,NM_001770,,1452,32413
41449,7253,TSHR,12373,12919,GRCh38,ENST00000541158.6,1,ENSP00000441235,NM_000369.2,,10872,41449
22541,8339,H2BC8,4746,14203,GRCh38,ENST00000541790.4,1,ENSP00000445633.2,NM_003518.3,,11953,22541
6436,1108,CHD4,1919,2066,GRCh38,ENST00000544040.7,1,ENSP00000440542.2,NM_001273,,1757,6436
13924,84133,ZNRF3,18126,35482,GRCh38,ENST00000544604.7,1,ENSP00000443824.2,NM_001206998.1,,30236,13924
7522,8972,MGAM,7043,15361,GRCh38,ENST00000549489.6,1,ENSP00000447378,NM_004668.2,,12942,7522
23319,6311,ATXN2,10555,11078,GRCh38,ENST00000550104.5,1,ENSP00000446576.2,NM_002973.3,,9340,23319
18080,7090,TLE3,11839,12649,GRCh38,ENST00000558939.5,1,ENSP00000452871,NM_005078.3,,10652,18080
39318,567,B2M,914,1033,GRCh38,ENST00000559916.1,1,ENSP00000453350.1,NM_004048.2,,875,39318
8291,23334,SZT2,29040,21038,GRCh38,ENST00000562955.2,1,ENSP00000457168.1,NM_015284,,17643,8291
5245,5336,PLCG2,9066,9276,GRCh38,ENST00000564138.6,1,ENSP00000482457.1,NM_002661.3,,7822,5245
1237,23035,PHLPP2,29149,20441,GRCh38,ENST00000568954.5,1,ENSP00000457991.1,NM_015020,,17160,1237
35995,2969,GTF2I,4659,5215,GRCh38,ENST00000573035.6,1,ENSP00000460070.1,NM_032999.3,,4383,35995
30540,71,ACTG1,144,138,GRCh38,ENST00000573283.7,1,ENSP00000458435.1,NM_001199954.1,,114,30540
6118,23399,CTDNEP1,19085,21160,GRCh38,ENST00000574322.6,1,ENSP00000460683.1,NM_001143775.2,,17745,6118
18601,23152,CIC,14214,20664,GRCh38,ENST00000575354.6,1,ENSP00000458663,NM_015125.3,,17343,18601
9339,92002,CCNQ,28434,37535,GRCh38,ENST00000576892.8,1,ENSP00000461135.1,NM_152274.4,,31971,9339
42194,-1029,CDKN2A(p14),1787,1925,GRCh38,ENST00000579755.2,1,ENSP00000462950.1,NM_058195.4,,77432,42194
512,8031,NCOA4,7671,13945,GRCh38,ENST00000581486.6,1,ENSP00000462943.1,NM_001145263.2,,11723,512
28817,9641,IKBKE,14552,16569,GRCh38,ENST00000581977.7,1,ENSP00000464030.1,NM_014002.3,,13962,28817
20352,9212,AURKB,11390,15787,GRCh38,ENST00000585124.6,1,ENSP00000463999.1,NM_004217.3,,13294,20352
11543,5802,PTPRS,9681,10164,GRCh38,ENST00000587303.5,1,ENSP00000467537.1,NM_002850.3,,8573,11543
34373,6929,TCF3,11633,12333,GRCh38,ENST00000588136.7,1,ENSP00000468487.1,NM_001136139.2,,10380,34373
36947,6209,RPS15,10388,10886,GRCh38,ENST00000592588.7,1,ENSP00000467466.3,NM_001018,,9182,36947
36464,7409,VAV1,12657,13191,GRCh38,ENST00000602142.6,1,ENSP00000472929.1,NM_005428.3,,11110,36464
6084,23067,SETD1B,29187,20504,GRCh38,ENST00000604567.6,1,ENSP00000474253.1,XM_005253858.3,,17212,6084
40176,26190,FBXW2,13608,22451,GRCh38,ENST00000608872.6,1,ENSP00000476369.1,NM_012164,,18853,40176
33441,8352,H3C3,4768,14225,GRCh38,ENST00000612966.3,1,ENSP00000484658.2,NM_003531.2,,11973,33441
22532,8332,H2AC16,4730,14187,GRCh38,ENST00000613174.2,1,ENSP00000482538.2,NM_003511.3,,11939,22532
33439,8350,H3C1,4766,14220,GRCh38,ENST00000613854.2,1,ENSP00000480826.2,NM_003529.2,,11969,33439
33444,8355,H3C8,4772,14232,GRCh38,ENST00000614378.2,1,ENSP00000484638.1,NM_003534.2,,11979,33444
19257,1002,CDH4,1763,1862,GRCh38,ENST00000614565.5,1,ENSP00000484928.1,NM_001794,,1576,19257
25439,114569,MAL2,13634,38254,GRCh38,ENST00000614891.5,1,ENSP00000479708.1,,,32603,25439
14016,8294,H4C9,4793,14133,GRCh38,ENST00000615353.2,1,ENSP00000481486.1,NM_003495.3,,11890,14016
17777,8348,H2BC17,4758,14216,GRCh38,ENST00000616182.2,1,ENSP00000477527.2,NM_003527.4,,11965,17777
33443,8354,H3C11,4771,14230,GRCh38,ENST00000616365.2,1,ENSP00000483283.2,NM_003533.2,,11977,33443
33775,6928,HNF1B,11630,12328,GRCh38,ENST00000617811.5,1,ENSP00000480291.1,NM_000458,,10377,33775
34471,9401,RECQL4,9949,16116,GRCh38,ENST00000617875.6,1,ENSP00000482313.2,NM_004260.4,,13576,34471
33904,8968,H3C7,4773,15351,GRCh38,ENST00000618052.2,1,ENSP00000484095.2,NM_021018.2,,12934,33904
16557,6249,CLIP1,10461,10955,GRCh38,ENST00000620786.5,1,ENSP00000479322.1,NM_001247997.2,,9242,16557
33435,8358,H3C2,4776,14239,GRCh38,ENST00000621411.3,1,ENSP00000484841.2,NM_003537.3,,11985,33435
21647,4609,MYC,7553,7916,GRCh38,ENST00000621592.8,1,ENSP00000478887.2,NM_002467.4,,6695,21647
1035,5243,ABCB1,40,9071,GRCh38,ENST00000622132.5,1,ENSP00000478255.1,NM_001348946.2,,7656,1035
35282,7803,PTP4A1,9634,13760,GRCh38,ENST00000626021.3,1,ENSP00000485687.1,NM_003463.4,,11568,35282
1666,6934,TCF7L2,11641,12339,GRCh38,ENST00000627217.3,1,ENSP00000486891.1,NM_001146274.1,,10384,1666
38985,4916,NTRK3,8033,8507,GRCh38,ENST00000629765.3,1,ENSP00000485864.1,,,7179,38985
32309,8353,H3C6,4769,14228,GRCh38,ENST00000634733.1,1,ENSP00000489282.1,NM_003532.2,,11975,32309
33514,57492,ARID1B,18040,30557,GRCh38,ENST00000636930.2,1,ENSP00000490491.2,,,25988,33514
27468,846,CASR,1514,1576,GRCh38,ENST00000639785.2,1,ENSP00000491584.2,NM_000388.4,,1332,27468
4515,6731,SRP72,11303,11937,GRCh38,ENST00000642900.1,1,ENSP00000495128.1,NM_006947,,10055,4515
2012,5579,PRKCB,9395,9738,GRCh38,ENST00000643927.1,1,ENSP00000496129.1,NM_002738.7,,8204,2012
37702,5456,POU3F4,9217,9488,GRCh38,ENST00000644024.2,1,ENSP00000495996.1,NM_000307,,8002,37702
6947,6598,SMARCB1,11103,11653,GRCh38,ENST00000644036.2,1,ENSP00000494049.2,NM_003073.5,,9814,6947
8792,4507,MTAP,7413,7742,GRCh38,ENST00000644715.2,1,ENSP00000494373.1,NM_002451.3,,6538,8792
39050,2247,FGF2,3676,4048,GRCh38,ENST00000644866.2,1,ENSP00000494222.1,NM_001361665.2,,3419,39050
32391,2531,KDSR,4021,4358,GRCh38,ENST00000645214.2,1,ENSP00000494352.1,NM_002035.4,,3679,32391
15513,8216,LZTR1,6742,14063,GRCh38,ENST00000646124.2,1,ENSP00000496779.1,NM_006767.3,,11830,15513
28909,25939,SAMHD1,15925,22091,GRCh38,ENST00000646673.2,1,ENSP00000493536.2,NM_015474.3,,18541,28909
36207,6597,SMARCA4,11100,11651,GRCh38,ENST00000646693.2,1,ENSP00000495368.1,NM_001128849.3,,9812,36207
41135,673,BRAF,1097,1233,GRCh38,ENST00000646891.2,1,ENSP00000493543.1,NM_004333.4,,1047,41135
32955,242,ALOX12B,430,457,GRCh38,ENST00000647874.1,1,ENSP00000497784.1,NM_001139.2,,379,32955
14734,668,FOXL2,1092,1220,GRCh38,ENST00000648323.1,1,ENSP00000497217.1,NM_023067.3,,1037,14734
40042,1493,CTLA4,2505,2745,GRCh38,ENST00000648405.2,1,ENSP00000497102.1,NM_005214.4,,2328,40042
38607,8915,BCL10,989,15290,GRCh38,ENST00000648566.1,1,ENSP00000498104.1,NM_003921.4,,12886,38607
31614,10892,MALT1,6819,19147,GRCh38,ENST00000649217.2,1,ENSP00000497997.1,NM_006785.3,,16072,31614
27588,26040,SETBP1,15573,22254,GRCh38,ENST00000649279.2,1,ENSP00000497406.1,NM_015559.2,,18681,27588
27478,55750,AGK,21869,29083,GRCh38,ENST00000649286.2,1,ENSP00000497280.1,NM_018238.4,,24751,27478
9132,3480,IGF1R,5465,6088,GRCh38,ENST00000650285.1,1,ENSP00000497069.1,NM_000875.3,,5139,9132
11162,2187,FANCB,3583,3932,GRCh38,ENST00000650831.1,1,ENSP00000498215.1,NM_001018113.3,,3321,11162
6166,4615,MYD88,7562,7928,GRCh38,ENST00000650905.2,1,ENSP00000498360.2,,,6703,6166
19985,26585,GREM1,2001,22770,GRCh38,ENST00000651154.1,1,ENSP00000498748.1,NM_013372.7,,19131,19985
32149,80169,CTC1,26169,33894,GRCh38,ENST00000651323.1,1,ENSP00000498499.1,NM_025099.6,,28842,32149
38778,4851,NOTCH1,7881,8381,GRCh38,ENST00000651671.1,1,ENSP00000498587.1,NM_017617.5,,7073,38778
23464,355,FAS,11920,674,GRCh38,ENST00000652046.1,1,ENSP00000498466.1,NM_000043.6,,561,23464
34094,2073,ERCC5,3437,3743,GRCh38,ENST00000652225.2,1,ENSP00000498881.2,NM_000123.4,,3171,34094
40807,7913,DEK,2768,13845,GRCh38,ENST00000652689.1,1,ENSP00000498653.1,NM_003472.4,,11635,40807
7004,55500,ETNK1,24649,28664,GRCh38,ENST00000671733.1,1,ENSP00000500633.1,NM_018638.4,,24391,7004
4833,2909,ARHGAP35,4591,5099,GRCh38,ENST00000672722.1,1,ENSP00000500409.1,NM_004491.5,,4280,4833
14303,2177,FANCD2,3585,3908,GRCh38,ENST00000675286.1,1,ENSP00000502379.1,NM_001018115.1,,3305,14303
41651,22858,CILK1,21219,20113,GRCh38,ENST00000676107.1,1,ENSP00000501692.1,NM_014920.5,,16891,41651
20034,4301,AFDN,7137,7559,GRCh38,ENST00000683244.1,1,ENSP00000507324.1,NM_001386888.1,,6385,20034
35819,283149,BCL9L,23688,45802,GRCh38,ENST00000683865.1,1,ENSP00000507778.1,NM_001378213.1,,39272,35819
8662,1390,CREM,2352,2544,GRCh38,ENST00000685392.1,1,ENSP00000509489.1,NM_183011.2,,2157,8662
22786,4595,MUTYH,7527,84606,GRCh38,ENST00000710952.2,1,ENSP00000518552.2,NM_001128425.2,NULL,6669,22786
